2025-05-07 20:52:27,Children
2025-05-07 20:52:27,Go Straight or Right
2025-05-07 20:52:34,Yield
2025-05-07 20:52:36,General Danger
2025-05-07 20:52:36,General Danger
2025-05-07 20:52:36,General Danger
2025-05-07 20:52:38,No Vehicles
2025-05-07 20:52:39,No Vehicles
2025-05-07 20:52:39,No Vehicles
2025-05-07 20:52:43,End Speed Limit 80
2025-05-07 20:52:44,Speed Limit 80
2025-05-07 21:00:15,No Overtaking by Trucks
2025-05-07 21:00:15,No Overtaking by Trucks
2025-05-07 21:00:15,No Overtaking by Trucks
2025-05-07 21:00:15,No Overtaking by Trucks
2025-05-07 21:00:16,No Overtaking by Trucks
2025-05-07 21:00:16,No Overtaking by Trucks
2025-05-07 21:00:16,No Overtaking by Trucks
2025-05-07 21:00:16,No Overtaking by Trucks
2025-05-07 21:00:16,No Overtaking by Trucks
2025-05-07 21:00:17,No Overtaking by Trucks
2025-05-07 21:00:17,No Overtaking by Trucks
2025-05-07 21:00:20,No Overtaking by Trucks
2025-05-07 21:00:22,Speed Limit 80
2025-05-07 21:00:22,Speed Limit 80
2025-05-07 21:00:25,Speed Limit 30
2025-05-07 21:00:27,Yield
2025-05-07 21:00:27,Turn Right
2025-05-07 21:00:33,No Overtaking by Trucks
2025-05-07 21:00:33,No Overtaking by Trucks
2025-05-07 21:00:34,No Overtaking by Trucks
2025-05-07 21:00:38,Speed Limit 120
2025-05-07 21:00:40,General Danger
2025-05-07 21:00:41,Yield
2025-05-07 21:01:13,No Overtaking by Trucks
2025-05-07 21:01:13,Yield
2025-05-07 21:01:23,Speed Limit 50
2025-05-07 21:01:28,Speed Limit 70
2025-05-07 21:01:29,Speed Limit 70
2025-05-07 21:01:30,Keep Right
2025-05-07 21:01:31,Priority at Next Intersection
2025-05-07 21:01:31,Yield
2025-05-07 21:01:31,Yield
2025-05-07 21:01:31,Yield
2025-05-07 21:01:31,Yield
2025-05-07 21:01:32,Yield
2025-05-07 21:01:32,Yield
2025-05-07 21:01:32,Yield
2025-05-07 21:01:32,Yield
2025-05-07 21:01:32,Yield
2025-05-07 21:01:33,Yield
2025-05-07 21:01:33,Yield
2025-05-07 21:01:33,Yield
2025-05-07 21:01:33,Yield
2025-05-07 21:01:33,Yield
2025-05-07 21:01:33,Yield
2025-05-07 21:01:34,Yield
2025-05-07 21:01:34,Yield
2025-05-07 21:01:34,Yield
2025-05-07 21:01:35,Yield
2025-05-07 21:01:35,Yield
2025-05-07 21:01:35,Yield
2025-05-07 21:01:35,Yield
2025-05-07 21:01:35,Yield
2025-05-07 21:01:36,Priority Road
2025-05-07 21:01:36,No Entry
2025-05-07 21:01:36,Priority Road
2025-05-07 21:01:37,Priority Road
2025-05-07 21:01:37,Priority Road
2025-05-07 21:01:37,Priority Road
2025-05-07 21:01:37,Priority Road
2025-05-07 21:01:37,Priority Road
2025-05-07 21:01:37,Priority Road
2025-05-07 21:01:37,Priority Road
2025-05-07 21:01:37,No Vehicles
2025-05-07 21:01:38,No Entry
2025-05-07 21:01:38,No Vehicles
2025-05-07 21:01:38,No Overtaking
2025-05-07 21:01:38,No Vehicles
2025-05-07 21:01:40,Yield
2025-05-07 21:01:42,General Danger
2025-05-07 21:01:44,Road Work
2025-05-07 21:01:44,Stop
2025-05-07 21:01:48,Wild Animals
2025-05-07 21:01:48,Children
2025-05-07 21:01:52,Go Straight
2025-05-07 21:01:53,Road Narrows Right
2025-05-07 21:01:55,Speed Limit 30
2025-05-07 21:01:57,No Vehicles
2025-05-07 21:01:58,Double Curve
2025-05-07 21:02:00,Speed Limit 120
2025-05-07 21:02:00,Go Straight or Right
2025-05-07 21:02:00,Go Straight or Right
2025-05-07 21:02:05,No Overtaking by Trucks
2025-05-07 21:02:05,No Overtaking by Trucks
2025-05-07 21:02:06,No Overtaking by Trucks
2025-05-07 21:02:06,No Overtaking by Trucks
2025-05-07 21:02:07,Keep Right
2025-05-07 21:02:07,Speed Limit 80
2025-05-07 21:02:07,No Overtaking by Trucks
2025-05-07 21:02:07,No Overtaking by Trucks
2025-05-07 21:02:07,No Overtaking by Trucks
2025-05-07 21:02:08,No Overtaking by Trucks
2025-05-07 21:02:08,No Overtaking by Trucks
2025-05-07 21:02:08,Keep Right
2025-05-07 21:02:08,No Overtaking by Trucks
2025-05-07 21:02:09,No Overtaking by Trucks
2025-05-07 21:02:09,Speed Limit 80
2025-05-07 21:02:11,No Overtaking by Trucks
2025-05-07 21:02:11,No Overtaking by Trucks
2025-05-07 21:02:11,No Overtaking
2025-05-07 21:02:12,Keep Right
2025-05-07 21:02:28,Keep Right
2025-05-07 21:02:28,Speed Limit 80
2025-05-07 21:02:32,No Overtaking
2025-05-07 21:02:32,No Overtaking
2025-05-07 21:02:33,No Overtaking by Trucks
2025-05-07 21:02:33,Speed Limit 50
2025-05-07 21:02:33,Priority Road
2025-05-07 21:02:55,Speed Limit 30
2025-05-07 21:02:56,Yield
2025-05-07 21:02:58,Traffic Signals
2025-05-07 21:03:00,Speed Limit 30
2025-05-07 21:03:00,Priority Road
2025-05-07 21:03:01,No Overtaking by Trucks
2025-05-07 21:11:36,Yield
2025-05-07 21:11:54,No Overtaking by Trucks
2025-05-07 21:11:55,End No Overtake Trucks
2025-05-07 21:12:23,No Overtaking
2025-05-07 21:12:23,Yield
2025-05-07 21:12:23,Speed Limit 70
2025-05-07 21:12:23,Speed Limit 70
2025-05-07 21:12:23,No Overtaking
2025-05-07 21:12:24,No Overtaking
2025-05-07 21:12:24,Yield
2025-05-07 21:12:44,Go Straight or Right
2025-05-07 21:12:44,Go Straight or Right
2025-05-07 21:12:44,Go Straight or Right
2025-05-07 21:12:44,Go Straight or Right
2025-05-07 21:12:44,Go Straight or Right
2025-05-07 21:12:45,Go Straight or Right
2025-05-07 21:13:08,No Overtaking by Trucks
2025-05-07 21:13:17,No Overtaking
2025-05-07 21:13:36,Road Work
2025-05-07 21:13:36,Priority at Next Intersection
2025-05-07 21:13:37,Road Work
2025-05-07 21:13:38,Double Curve
2025-05-07 21:16:23,No Vehicles
2025-05-07 21:16:24,Speed Limit 80
2025-05-07 21:16:25,General Danger
2025-05-07 21:16:25,General Danger
2025-05-07 21:16:25,General Danger
2025-05-07 21:16:25,General Danger
2025-05-07 21:16:26,Speed Limit 30
2025-05-07 21:16:27,Speed Limit 80
2025-05-07 21:16:27,Speed Limit 30
2025-05-07 21:16:27,Speed Limit 30
2025-05-07 21:16:27,Speed Limit 30
2025-05-07 21:16:27,Speed Limit 30
2025-05-07 21:16:28,Speed Limit 30
2025-05-07 21:16:28,Speed Limit 30
2025-05-07 21:16:28,Speed Limit 30
2025-05-07 21:16:28,Speed Limit 30
2025-05-07 21:16:28,Speed Limit 30
2025-05-07 21:16:28,Speed Limit 30
2025-05-07 21:16:28,Speed Limit 30
2025-05-07 21:16:29,Speed Limit 30
2025-05-07 21:16:29,Speed Limit 30
2025-05-07 21:16:29,Speed Limit 30
2025-05-07 21:16:29,Speed Limit 30
2025-05-07 21:16:29,Speed Limit 30
2025-05-07 21:16:29,Speed Limit 30
2025-05-07 21:16:29,Speed Limit 30
2025-05-07 21:16:30,Speed Limit 30
2025-05-07 21:16:30,Speed Limit 30
2025-05-07 21:16:30,Speed Limit 30
2025-05-07 21:16:30,Speed Limit 30
2025-05-07 21:16:30,Speed Limit 30
2025-05-07 21:16:30,Speed Limit 30
2025-05-07 21:16:31,Speed Limit 30
2025-05-07 21:16:31,Speed Limit 30
2025-05-07 21:16:31,Speed Limit 30
2025-05-07 21:16:31,Speed Limit 30
2025-05-07 21:16:31,Speed Limit 30
2025-05-07 21:16:32,Speed Limit 30
2025-05-07 21:16:32,Speed Limit 30
2025-05-07 21:16:32,Speed Limit 30
2025-05-07 21:16:32,Speed Limit 30
2025-05-07 21:16:32,Speed Limit 30
2025-05-07 21:16:33,Speed Limit 30
2025-05-07 21:16:33,Speed Limit 30
2025-05-07 21:16:33,Speed Limit 30
2025-05-07 21:16:33,Speed Limit 30
2025-05-07 21:16:33,Speed Limit 30
2025-05-07 21:16:33,Speed Limit 30
2025-05-07 21:16:34,Speed Limit 30
2025-05-07 21:16:34,Speed Limit 30
2025-05-07 21:16:34,Speed Limit 30
2025-05-07 21:16:34,Speed Limit 30
2025-05-07 21:16:34,Speed Limit 30
2025-05-07 21:16:34,Speed Limit 30
2025-05-07 21:16:34,Speed Limit 30
2025-05-07 21:16:35,Speed Limit 30
2025-05-07 21:16:35,Speed Limit 100
2025-05-07 21:16:37,Keep Left
2025-05-07 21:16:42,Keep Left
2025-05-07 21:16:42,Keep Left
2025-05-07 21:16:42,Roundabout
2025-05-07 21:16:43,Keep Left
2025-05-07 21:16:43,Keep Left
2025-05-07 21:16:43,Keep Left
2025-05-07 21:16:44,Keep Left
2025-05-07 21:16:44,Keep Left
2025-05-07 21:16:44,Keep Left
2025-05-07 21:16:44,Keep Left
2025-05-07 21:16:45,Keep Left
2025-05-07 21:16:45,Keep Left
2025-05-07 21:16:45,Keep Left
2025-05-07 21:16:45,Keep Left
2025-05-07 21:16:45,Keep Left
2025-05-07 21:16:46,Keep Left
2025-05-07 21:16:46,Keep Left
2025-05-07 21:16:46,Keep Left
2025-05-07 21:16:47,Keep Left
2025-05-07 21:16:47,Keep Left
2025-05-07 21:16:47,Roundabout
2025-05-07 21:16:47,Speed Limit 100
2025-05-07 21:17:02,Traffic Signals
2025-05-07 21:17:03,Speed Limit 80
2025-05-07 21:17:03,Priority at Next Intersection
2025-05-07 21:17:04,End Speed Limit 80
2025-05-07 21:17:04,Priority at Next Intersection
2025-05-07 21:17:04,End Speed Limit 80
2025-05-07 21:17:05,Priority at Next Intersection
2025-05-07 21:17:05,Priority at Next Intersection
2025-05-07 21:17:05,Priority at Next Intersection
2025-05-07 21:17:06,End Speed Limit 80
2025-05-07 21:17:06,End Speed Limit 80
2025-05-07 21:17:08,Priority at Next Intersection
2025-05-07 21:17:08,Priority at Next Intersection
2025-05-07 21:17:09,Priority at Next Intersection
2025-05-07 21:17:09,Curve Right
2025-05-07 21:17:10,Curve Right
2025-05-07 21:17:10,Go Straight
2025-05-07 21:17:11,Children
2025-05-07 21:17:11,Priority at Next Intersection
2025-05-07 21:17:12,Priority at Next Intersection
2025-05-07 21:17:15,No Vehicles
2025-05-07 21:17:15,General Danger
2025-05-07 21:17:16,Priority at Next Intersection
2025-05-07 21:17:18,General Danger
2025-05-07 21:17:19,General Danger
2025-05-07 21:17:19,General Danger
2025-05-07 21:17:19,General Danger
2025-05-07 21:17:20,General Danger
2025-05-07 21:17:20,General Danger
2025-05-07 21:17:21,General Danger
2025-05-07 21:17:22,General Danger
2025-05-07 21:17:22,General Danger
2025-05-07 21:17:23,General Danger
2025-05-07 21:17:27,No Vehicles
2025-05-07 21:17:27,No Vehicles
2025-05-07 21:17:27,Yield
2025-05-07 21:17:27,Yield
2025-05-07 21:17:27,Yield
2025-05-07 21:17:28,Yield
2025-05-07 21:17:30,Priority Road
2025-05-07 21:17:33,Yield
2025-05-07 21:17:33,Stop
2025-05-07 21:17:34,Speed Limit 30
2025-05-07 21:17:34,Children
2025-05-07 21:17:34,Speed Limit 30
2025-05-07 21:17:34,Children
2025-05-07 21:17:34,Speed Limit 30
2025-05-07 21:17:35,Speed Limit 30
2025-05-07 21:17:35,Speed Limit 30
2025-05-07 21:17:35,Speed Limit 30
2025-05-07 21:17:36,Speed Limit 30
2025-05-07 21:17:36,General Danger
2025-05-07 21:17:36,Priority at Next Intersection
2025-05-07 21:17:36,Priority at Next Intersection
2025-05-07 21:17:36,General Danger
2025-05-07 21:17:36,General Danger
2025-05-07 21:17:36,Speed Limit 30
2025-05-07 21:17:37,Priority at Next Intersection
2025-05-07 21:17:37,Priority at Next Intersection
2025-05-07 21:17:37,Priority at Next Intersection
2025-05-07 21:17:38,Priority at Next Intersection
2025-05-07 21:17:38,Speed Limit 30
2025-05-07 21:17:38,Priority at Next Intersection
2025-05-07 21:17:38,Speed Limit 30
2025-05-07 21:17:39,General Danger
2025-05-07 21:17:39,Speed Limit 30
2025-05-07 21:17:41,Go Straight
2025-05-07 21:17:42,Go Straight
2025-05-07 21:17:43,Pedestrians
2025-05-07 21:17:43,Roundabout
2025-05-07 21:17:44,Speed Limit 30
2025-05-07 21:17:44,Speed Limit 30
2025-05-07 21:17:45,Speed Limit 30
2025-05-07 21:17:46,Speed Limit 30
2025-05-07 21:17:46,Roundabout
2025-05-07 21:17:46,Roundabout
2025-05-07 21:17:47,Roundabout
2025-05-07 21:17:47,Roundabout
2025-05-07 21:17:47,Turn Right
2025-05-07 21:17:50,Go Straight
2025-05-07 21:17:50,Go Straight
2025-05-07 21:17:50,Go Straight
2025-05-07 21:17:50,Go Straight
2025-05-07 21:17:52,Go Straight
2025-05-07 21:17:52,Go Straight
2025-05-07 21:17:52,Go Straight
2025-05-07 21:17:53,Turn Right
2025-05-07 21:17:53,Go Straight
2025-05-07 21:17:53,Turn Right
2025-05-07 21:17:53,Turn Right
2025-05-07 21:17:53,Go Straight
2025-05-07 21:17:54,Turn Right
2025-05-07 21:17:54,Go Straight
2025-05-07 21:17:55,Turn Right
2025-05-07 21:17:55,Turn Right
2025-05-07 21:17:55,Turn Left
2025-05-07 21:17:55,Roundabout
2025-05-07 21:17:56,Priority Road
2025-05-07 21:18:02,Priority Road
2025-05-07 21:18:07,No Overtaking by Trucks
2025-05-07 21:18:08,Go Straight or Right
2025-05-07 21:18:11,End No Overtake Trucks
2025-05-07 21:18:12,Keep Left
2025-05-07 21:18:12,No Overtaking
2025-05-07 21:18:12,No Overtaking
2025-05-07 21:18:12,Turn Left
2025-05-07 21:18:13,Turn Left
2025-05-07 21:18:14,No Trucks
2025-05-07 21:18:14,No Trucks
2025-05-07 21:18:15,No Trucks
2025-05-07 21:18:15,No Trucks
2025-05-07 21:18:15,No Trucks
2025-05-07 21:18:16,No Trucks
2025-05-07 21:18:16,No Trucks
2025-05-07 21:18:16,No Trucks
2025-05-07 21:18:16,No Trucks
2025-05-07 21:18:17,No Trucks
2025-05-07 21:18:17,No Trucks
2025-05-07 21:18:17,No Trucks
2025-05-07 21:18:17,No Trucks
2025-05-07 21:18:18,No Trucks
2025-05-07 21:18:18,Speed Limit 80
2025-05-07 21:18:18,No Trucks
2025-05-07 21:18:19,No Trucks
2025-05-07 21:18:19,Speed Limit 80
2025-05-07 21:18:19,No Trucks
2025-05-07 21:18:19,Speed Limit 80
2025-05-07 21:18:21,Speed Limit 80
2025-05-07 21:18:21,Speed Limit 80
2025-05-07 21:18:22,No Overtaking by Trucks
2025-05-07 21:18:23,No Trucks
2025-05-07 21:18:23,Speed Limit 100
2025-05-07 21:18:23,Speed Limit 100
2025-05-07 21:18:23,Speed Limit 100
2025-05-07 21:18:23,Speed Limit 100
2025-05-07 21:18:24,Speed Limit 100
2025-05-07 21:18:24,Speed Limit 100
2025-05-07 21:18:24,Speed Limit 100
2025-05-07 21:18:24,Speed Limit 100
2025-05-07 21:18:24,Speed Limit 100
2025-05-07 21:18:24,Speed Limit 100
2025-05-07 21:18:24,Speed Limit 100
2025-05-07 21:18:25,Speed Limit 100
2025-05-07 21:18:25,Speed Limit 100
2025-05-07 21:18:25,Speed Limit 100
2025-05-07 21:18:25,Speed Limit 100
2025-05-07 21:18:25,Speed Limit 100
2025-05-07 21:18:26,Speed Limit 100
2025-05-07 21:18:26,Speed Limit 100
2025-05-07 21:18:26,Speed Limit 80
2025-05-07 21:18:35,Children
2025-05-07 21:18:35,Pedestrians
2025-05-07 21:18:36,General Danger
2025-05-07 21:18:36,Pedestrians
2025-05-07 21:18:36,General Danger
2025-05-07 21:18:36,General Danger
2025-05-07 21:18:36,Priority at Next Intersection
2025-05-07 21:18:37,Children
2025-05-07 21:18:37,Priority at Next Intersection
2025-05-07 21:18:37,Priority at Next Intersection
2025-05-07 21:18:38,Pedestrians
2025-05-07 21:18:38,Pedestrians
2025-05-07 21:18:40,Priority at Next Intersection
2025-05-07 21:18:43,End Restriction
2025-05-08 07:00:17,Speed Limit 100
2025-05-08 07:00:17,Speed Limit 30
2025-05-08 07:00:17,Speed Limit 30
2025-05-08 07:00:18,Speed Limit 80
2025-05-08 07:00:18,Speed Limit 30
2025-05-08 07:00:18,Speed Limit 80
2025-05-08 07:00:30,Speed Limit 30
2025-05-08 07:00:38,Priority at Next Intersection
2025-05-08 07:00:49,Wild Animals
2025-05-08 07:00:49,Speed Limit 100
2025-05-08 07:00:51,Speed Limit 100
2025-05-08 07:00:54,No Overtaking by Trucks
2025-05-08 07:00:54,No Overtaking by Trucks
2025-05-08 07:00:54,No Overtaking by Trucks
2025-05-08 07:00:58,Double Curve
2025-05-08 07:00:58,End of No Overtaking
2025-05-08 07:01:05,Double Curve
2025-05-08 07:01:05,Double Curve
2025-05-08 07:01:05,Speed Limit 80
2025-05-08 07:01:09,No Overtaking by Trucks
2025-05-08 07:01:09,Keep Right
2025-05-08 07:01:10,Speed Limit 80
2025-05-08 07:01:11,No Trucks
2025-05-08 07:01:11,Speed Limit 80
2025-05-08 07:01:11,No Trucks
2025-05-08 07:01:12,No Overtaking by Trucks
2025-05-08 07:01:12,Yield
2025-05-08 07:01:13,Priority Road
2025-05-08 07:01:13,No Entry
2025-05-08 07:01:13,No Entry
2025-05-08 07:01:13,Speed Limit 30
2025-05-08 07:01:13,No Overtaking
2025-05-08 07:01:13,No Overtaking by Trucks
2025-05-08 07:01:14,No Overtaking by Trucks
2025-05-08 07:01:14,No Overtaking by Trucks
2025-05-08 07:01:15,General Danger
2025-05-08 07:01:15,Keep Right
2025-05-08 07:01:15,Keep Right
2025-05-08 07:01:16,Speed Limit 50
2025-05-08 07:01:16,Speed Limit 80
2025-05-08 07:01:16,Speed Limit 80
2025-05-08 07:01:16,Speed Limit 80
2025-05-08 07:01:16,General Danger
2025-05-08 07:01:16,Speed Limit 30
2025-05-08 07:01:17,Speed Limit 80
2025-05-08 07:01:17,Speed Limit 30
2025-05-08 07:01:17,Speed Limit 30
2025-05-08 07:01:17,General Danger
2025-05-08 07:01:17,General Danger
2025-05-08 07:01:17,General Danger
2025-05-08 07:01:17,General Danger
2025-05-08 07:01:17,Speed Limit 50
2025-05-08 07:01:18,Speed Limit 50
2025-05-08 07:01:18,General Danger
2025-05-08 07:01:18,Speed Limit 120
2025-05-08 07:01:18,Speed Limit 30
2025-05-08 07:01:18,Speed Limit 120
2025-05-08 07:01:19,Speed Limit 120
2025-05-08 07:01:19,Speed Limit 120
2025-05-08 07:01:19,Speed Limit 120
2025-05-08 07:01:19,Speed Limit 120
2025-05-08 07:01:19,Speed Limit 80
2025-05-08 07:01:20,Speed Limit 50
2025-05-08 07:01:20,Speed Limit 50
2025-05-08 07:01:20,Speed Limit 30
2025-05-08 07:01:22,Turn Left
2025-05-08 07:01:22,Turn Left
2025-05-08 07:01:22,Slippery Road
2025-05-08 07:01:22,No Overtaking by Trucks
2025-05-08 07:01:22,Speed Limit 80
2025-05-08 07:01:23,End No Overtake Trucks
2025-05-08 07:01:23,No Trucks
2025-05-08 07:01:23,Speed Limit 80
2025-05-08 07:01:23,Speed Limit 80
2025-05-08 07:01:23,Speed Limit 80
2025-05-08 07:01:24,Speed Limit 80
2025-05-08 07:01:25,Go Straight or Right
2025-05-08 07:01:25,Go Straight or Right
2025-05-08 07:01:25,Speed Limit 80
2025-05-08 07:01:25,Speed Limit 80
2025-05-08 07:01:26,Speed Limit 80
2025-05-08 07:01:26,General Danger
2025-05-08 07:01:26,Speed Limit 80
2025-05-08 07:01:27,Speed Limit 80
2025-05-08 07:01:27,Speed Limit 80
2025-05-08 07:01:27,Go Straight or Right
2025-05-08 07:01:27,Speed Limit 80
2025-05-08 07:01:28,Speed Limit 80
2025-05-08 07:01:28,Speed Limit 80
2025-05-08 07:01:29,No Entry
2025-05-08 07:01:41,Go Straight or Right
2025-05-08 07:01:41,Speed Limit 50
2025-05-08 07:01:46,Speed Limit 80
2025-05-08 07:01:46,Curve Left
2025-05-08 07:01:46,Slippery Road
2025-05-08 07:01:46,Double Curve
2025-05-08 07:01:47,Speed Limit 100
2025-05-08 07:01:47,Keep Left
2025-05-08 07:01:47,Go Straight or Right
2025-05-08 07:01:47,Children
2025-05-08 07:01:47,Go Straight or Right
2025-05-08 07:01:49,Go Straight or Right
2025-05-08 07:01:49,Go Straight or Right
2025-05-08 07:01:49,Go Straight or Right
2025-05-08 07:01:52,General Danger
2025-05-08 07:05:42,Go Straight or Right
2025-05-08 07:05:42,Speed Limit 50
2025-05-08 07:05:43,Speed Limit 30
2025-05-08 07:05:43,Speed Limit 100
2025-05-08 07:05:49,Speed Limit 120
2025-05-08 07:05:50,Speed Limit 50
2025-05-08 07:06:12,Speed Limit 50
2025-05-08 07:06:12,Wild Animals
2025-05-08 07:06:30,Road Work
2025-05-08 07:06:30,Priority Road
2025-05-08 07:06:32,Priority Road
2025-05-08 07:06:32,Priority Road
2025-05-08 07:06:40,Speed Limit 50
2025-05-08 07:06:40,Speed Limit 50
2025-05-08 07:06:41,Speed Limit 50
2025-05-08 07:06:43,General Danger
2025-05-08 07:06:43,Stop
2025-05-08 07:06:44,Speed Limit 70
2025-05-08 07:06:45,Speed Limit 30
2025-05-08 07:06:45,No Overtaking
2025-05-08 07:06:45,Priority Road
2025-05-08 07:06:55,Speed Limit 30
2025-05-08 07:06:55,Speed Limit 50
2025-05-08 07:06:56,Speed Limit 30
2025-05-08 07:06:56,Speed Limit 30
2025-05-08 07:06:56,Speed Limit 30
2025-05-08 07:06:56,Speed Limit 30
2025-05-08 07:06:56,Speed Limit 30
2025-05-08 07:06:56,Speed Limit 30
2025-05-08 07:06:56,Speed Limit 80
2025-05-08 07:06:57,Speed Limit 30
2025-05-08 07:06:57,Speed Limit 30
2025-05-08 07:06:57,Speed Limit 30
2025-05-08 07:06:57,Speed Limit 30
2025-05-08 07:06:57,Speed Limit 120
2025-05-08 07:09:31,Speed Limit 50
2025-05-08 07:13:43,No Entry
2025-05-08 07:13:43,No Entry
2025-05-08 07:13:44,No Entry
2025-05-08 07:15:14,No Entry
2025-05-08 07:15:15,Stop
2025-05-08 07:15:15,Speed Limit 30
2025-05-08 07:15:15,Speed Limit 30
2025-05-08 07:15:15,Stop
2025-05-08 07:15:15,Stop
2025-05-08 07:15:15,Speed Limit 30
2025-05-08 07:15:16,Stop
2025-05-08 07:15:17,Stop
2025-05-08 07:15:17,Yield
2025-05-08 07:15:17,No Entry
2025-05-08 07:15:17,Stop
2025-05-08 07:15:17,Stop
2025-05-08 07:15:17,Stop
2025-05-08 07:15:17,Stop
2025-05-08 07:15:18,Stop
2025-05-08 07:15:18,Stop
2025-05-08 07:15:18,Speed Limit 20
2025-05-08 07:15:18,Stop
2025-05-08 07:15:18,Stop
2025-05-08 07:15:18,Stop
2025-05-08 07:15:19,Stop
2025-05-08 07:15:19,Stop
2025-05-08 07:15:20,Stop
2025-05-08 07:15:20,Stop
2025-05-08 07:15:20,No Entry
2025-05-08 07:15:20,Stop
2025-05-08 07:15:21,Speed Limit 30
2025-05-08 07:15:22,Yield
2025-05-08 07:15:22,Speed Limit 30
2025-05-08 07:15:23,Double Curve
2025-05-08 07:15:23,Traffic Signals
2025-05-08 07:15:24,Stop
2025-05-08 07:15:24,Stop
2025-05-08 07:15:24,Stop
2025-05-08 07:15:24,Stop
2025-05-08 07:15:24,Stop
2025-05-08 07:15:24,Stop
2025-05-08 07:15:25,Stop
2025-05-08 07:15:25,Stop
2025-05-08 07:15:25,No Entry
2025-05-08 07:15:25,Stop
2025-05-08 07:15:26,Stop
2025-05-08 07:15:26,Traffic Signals
2025-05-08 07:36:09,Speed Limit 30
2025-05-08 07:36:09,Speed Limit 30
2025-05-08 07:36:10,General Danger
2025-05-08 07:36:10,General Danger
2025-05-08 07:36:11,Stop
2025-05-08 07:36:14,Speed Limit 30
2025-05-08 07:36:14,Speed Limit 30
2025-05-08 07:36:15,Speed Limit 30
2025-05-08 07:36:16,Double Curve
2025-05-08 07:36:18,Children
2025-05-08 07:36:19,Stop
2025-05-08 07:36:19,Stop
2025-05-08 07:36:20,Yield
2025-05-08 07:36:56,Stop
2025-05-08 07:36:56,Stop
2025-05-08 07:36:56,Stop
2025-05-08 07:36:56,Stop
2025-05-08 07:36:56,Stop
2025-05-08 07:36:56,Stop
2025-05-08 07:36:57,Stop
2025-05-08 07:36:57,Stop
2025-05-08 07:36:57,Stop
2025-05-08 07:36:57,Stop
2025-05-08 07:36:58,Stop
2025-05-08 07:36:58,Stop
2025-05-08 07:36:59,Stop
2025-05-08 07:36:59,Stop
2025-05-08 07:36:59,Stop
2025-05-08 07:36:59,Stop
2025-05-08 07:37:00,Stop
2025-05-08 07:37:00,Speed Limit 20
2025-05-08 07:37:00,Stop
2025-05-08 07:37:00,Stop
2025-05-08 07:37:00,Stop
2025-05-08 07:37:01,Speed Limit 20
2025-05-08 07:37:01,Stop
2025-05-08 07:37:02,Stop
2025-05-08 07:37:02,Stop
2025-05-08 07:37:02,Stop
2025-05-08 07:37:02,Stop
2025-05-08 07:37:02,Speed Limit 20
2025-05-08 07:37:02,Stop
2025-05-08 07:37:03,Stop
2025-05-08 07:37:03,Stop
2025-05-08 07:37:04,Stop
2025-05-08 07:40:06,Priority Road
2025-05-08 08:22:30,No Overtaking by Trucks
2025-05-08 08:30:25,Speed Limit 30
2025-05-08 08:30:25,Stop
2025-05-08 08:30:26,Speed Limit 30
2025-05-08 08:30:26,Speed Limit 30
2025-05-08 08:30:27,Stop
2025-05-08 08:30:27,Stop
2025-05-08 08:30:27,Yield
2025-05-08 08:30:28,Yield
2025-05-08 08:30:28,Yield
2025-05-08 08:30:29,Stop
2025-05-08 08:30:29,Speed Limit 30
2025-05-08 08:30:29,Speed Limit 30
2025-05-08 08:30:29,Speed Limit 30
2025-05-08 08:30:29,Speed Limit 30
2025-05-08 08:30:30,Speed Limit 30
2025-05-08 08:30:30,Speed Limit 30
2025-05-08 08:30:30,Speed Limit 30
2025-05-08 08:30:30,Speed Limit 30
2025-05-08 08:30:31,Speed Limit 30
2025-05-08 08:30:32,Speed Limit 30
2025-05-08 08:30:33,Stop
2025-05-08 08:30:33,Stop
2025-05-08 08:30:33,Stop
2025-05-08 08:31:17,No Entry
2025-05-08 08:31:27,Speed Limit 30
2025-05-08 08:31:27,Speed Limit 30
2025-05-08 08:31:27,No Entry
2025-05-08 08:31:28,Yield
2025-05-08 08:31:28,Yield
2025-05-08 08:31:28,Speed Limit 30
2025-05-08 08:31:28,Yield
2025-05-08 08:31:30,No Vehicles
2025-05-08 08:31:34,Speed Limit 50
2025-05-08 08:31:43,No Vehicles
2025-05-08 08:31:45,No Entry
2025-05-08 08:34:12,Speed Limit 30
2025-05-08 08:38:57,Speed Limit 30
2025-05-08 08:38:58,Speed Limit 30
2025-05-08 08:38:58,Speed Limit 30
2025-05-08 08:38:58,Speed Limit 30
2025-05-08 08:38:58,Stop
2025-05-08 08:38:58,Stop
2025-05-08 08:38:58,Stop
2025-05-08 08:38:59,Stop
2025-05-08 08:39:00,Stop
2025-05-08 08:39:00,Stop
2025-05-08 08:39:00,Stop
2025-05-08 08:39:00,Stop
2025-05-08 08:39:00,Stop
2025-05-08 08:39:00,Stop
2025-05-08 08:39:00,Stop
2025-05-08 08:39:00,Stop
2025-05-08 08:39:00,Stop
2025-05-08 08:39:01,Stop
2025-05-08 08:39:01,Stop
2025-05-08 08:39:01,Stop
2025-05-08 08:39:01,Stop
2025-05-08 08:39:01,Stop
2025-05-08 08:39:01,Speed Limit 30
2025-05-08 08:39:01,Speed Limit 30
2025-05-08 08:39:02,Speed Limit 30
2025-05-08 08:39:02,Speed Limit 30
2025-05-08 08:39:02,Speed Limit 30
2025-05-08 08:39:02,Speed Limit 30
2025-05-08 08:39:02,Speed Limit 30
2025-05-08 08:39:02,Speed Limit 30
2025-05-08 08:39:02,Speed Limit 30
2025-05-08 08:39:02,Speed Limit 30
2025-05-08 08:39:02,Speed Limit 30
2025-05-08 08:39:02,Speed Limit 30
2025-05-08 08:39:03,Speed Limit 30
2025-05-08 08:39:03,Speed Limit 30
2025-05-08 08:39:03,Speed Limit 30
2025-05-08 08:39:03,Speed Limit 30
2025-05-08 08:39:03,Stop
2025-05-08 08:39:04,Speed Limit 30
2025-05-08 08:39:04,Speed Limit 30
2025-05-08 08:39:05,Stop
2025-05-08 08:39:05,Stop
2025-05-08 08:39:06,Speed Limit 30
2025-05-08 08:39:15,Traffic Signals
2025-05-08 08:39:15,Speed Limit 50
2025-05-08 08:39:19,Traffic Signals
2025-05-08 08:39:27,No Entry
2025-05-08 08:39:27,No Entry
2025-05-08 08:39:27,No Entry
2025-05-08 08:39:40,Speed Limit 30
2025-05-08 08:39:40,Speed Limit 30
2025-05-08 08:39:40,Speed Limit 30
2025-05-08 08:39:41,Speed Limit 30
2025-05-08 08:39:41,Speed Limit 30
2025-05-08 08:39:41,Speed Limit 30
2025-05-08 08:39:41,Speed Limit 30
2025-05-08 08:39:41,Speed Limit 30
2025-05-08 08:39:42,Speed Limit 30
2025-05-08 08:39:42,Speed Limit 30
2025-05-08 08:39:42,Speed Limit 30
2025-05-08 08:39:42,Speed Limit 30
2025-05-08 08:39:43,Speed Limit 30
2025-05-08 08:39:43,Speed Limit 30
2025-05-08 08:39:43,Speed Limit 30
2025-05-08 08:39:43,Speed Limit 30
2025-05-08 08:39:43,Speed Limit 30
2025-05-08 08:39:43,Speed Limit 30
2025-05-08 08:39:44,Speed Limit 30
2025-05-08 08:39:44,Speed Limit 30
2025-05-08 08:39:44,Speed Limit 30
2025-05-08 08:39:44,Speed Limit 30
2025-05-08 08:39:44,Speed Limit 30
2025-05-08 08:39:45,Speed Limit 30
2025-05-08 08:39:45,Speed Limit 30
2025-05-08 08:39:46,Speed Limit 30
2025-05-08 08:39:49,Speed Limit 30
2025-05-08 08:39:50,Speed Limit 30
2025-05-08 08:39:50,Speed Limit 30
2025-05-08 08:39:50,Speed Limit 30
2025-05-08 08:39:50,Speed Limit 30
2025-05-08 08:39:51,Speed Limit 30
2025-05-08 08:39:51,Road Work
2025-05-08 08:40:23,Priority at Next Intersection
2025-05-08 08:40:27,Speed Limit 30
2025-05-08 08:40:28,Speed Limit 30
2025-05-08 08:40:29,Speed Limit 30
2025-05-08 08:40:29,Stop
2025-05-08 08:40:30,Stop
2025-05-08 08:40:30,Priority Road
2025-05-08 08:40:31,Road Work
2025-05-08 08:43:02,Speed Limit 30
2025-05-08 08:43:03,Stop
2025-05-08 08:43:04,Stop
2025-05-08 08:43:04,Stop
2025-05-08 08:43:05,Stop
2025-05-08 08:43:05,Stop
2025-05-08 08:43:05,Stop
2025-05-08 08:43:06,Stop
2025-05-08 08:43:06,Stop
2025-05-08 08:43:06,Stop
2025-05-08 08:43:19,Speed Limit 30
2025-05-08 08:43:19,Speed Limit 30
2025-05-08 08:43:19,Speed Limit 30
2025-05-08 08:43:19,Speed Limit 30
2025-05-08 08:43:20,Speed Limit 30
2025-05-08 08:43:20,Speed Limit 30
2025-05-08 08:43:20,Speed Limit 30
2025-05-08 08:43:21,Speed Limit 30
2025-05-08 08:43:21,Speed Limit 30
2025-05-08 08:43:21,Speed Limit 30
2025-05-08 08:43:21,Speed Limit 30
2025-05-08 08:43:21,Speed Limit 30
2025-05-08 08:43:22,Speed Limit 30
2025-05-08 08:43:22,Speed Limit 30
2025-05-08 08:46:27,Stop
2025-05-08 08:46:31,Speed Limit 30
2025-05-08 08:46:32,Speed Limit 30
2025-05-08 08:46:33,Speed Limit 30
2025-05-08 08:46:33,Speed Limit 30
2025-05-08 08:46:34,Speed Limit 30
2025-05-08 08:46:34,Speed Limit 30
2025-05-08 08:46:35,Stop
2025-05-08 08:46:35,Stop
2025-05-08 08:46:36,Speed Limit 30
2025-05-08 08:46:38,Stop
2025-05-08 08:46:40,Stop
2025-05-08 08:46:41,Stop
2025-05-08 08:46:41,Stop
2025-05-08 08:46:41,Stop
2025-05-08 08:46:41,Stop
2025-05-08 08:46:41,Stop
2025-05-08 08:46:42,Stop
2025-05-08 08:46:42,Stop
2025-05-08 08:46:42,Stop
2025-05-08 08:46:42,Stop
2025-05-08 08:46:43,Stop
2025-05-08 08:46:43,Stop
2025-05-08 08:46:43,Stop
2025-05-08 08:46:43,Stop
2025-05-08 08:46:43,Stop
2025-05-08 08:46:43,Stop
2025-05-08 08:46:43,Stop
2025-05-08 08:46:43,Stop
2025-05-08 08:46:43,Stop
2025-05-08 08:46:44,Stop
2025-05-08 08:46:44,Stop
2025-05-08 08:46:44,Stop
2025-05-08 08:46:44,Stop
2025-05-08 08:46:44,Stop
2025-05-08 08:46:44,Stop
2025-05-08 08:46:45,Stop
2025-05-08 08:46:45,Stop
2025-05-08 08:46:45,Stop
2025-05-08 08:46:45,Stop
2025-05-08 08:46:46,Stop
2025-05-08 08:46:46,Stop
2025-05-08 08:46:46,Stop
2025-05-08 08:46:52,Speed Limit 30
2025-05-08 08:46:53,Speed Limit 30
2025-05-08 08:46:54,Speed Limit 30
2025-05-08 08:46:54,Speed Limit 30
2025-05-08 08:46:54,Speed Limit 30
2025-05-08 08:46:54,Speed Limit 30
2025-05-08 08:46:54,Speed Limit 30
2025-05-08 08:46:56,Speed Limit 30
2025-05-08 08:48:07,Speed Limit 30
2025-05-08 08:48:07,Stop
2025-05-08 08:48:07,Stop
2025-05-08 08:48:08,Stop
2025-05-08 08:48:09,Double Curve
2025-05-08 08:49:21,Stop
2025-05-08 08:49:21,Priority at Next Intersection
2025-05-08 08:49:21,Stop
2025-05-08 08:49:22,Stop
2025-05-08 08:49:23,Stop
2025-05-08 08:49:23,Stop
2025-05-08 08:49:23,Stop
2025-05-08 08:49:23,Stop
2025-05-08 08:49:25,Speed Limit 30
2025-05-08 08:49:25,Speed Limit 30
2025-05-08 08:49:28,Speed Limit 30
2025-05-08 08:49:28,Speed Limit 30
2025-05-08 08:49:29,Speed Limit 30
2025-05-08 08:49:29,Stop
2025-05-08 08:49:29,Stop
2025-05-08 08:49:29,Stop
2025-05-08 08:49:29,Speed Limit 30
2025-05-08 08:49:29,Stop
2025-05-08 08:49:30,Stop
2025-05-08 08:49:30,Stop
2025-05-08 08:49:30,Stop
2025-05-08 08:49:30,Speed Limit 30
2025-05-08 08:49:32,Speed Limit 30
2025-05-08 10:33:13,Speed Limit 80
2025-05-08 10:38:08,Speed Limit 120
2025-05-08 10:38:08,Speed Limit 120
2025-05-08 10:38:08,Speed Limit 120
2025-05-08 10:38:08,Speed Limit 120
2025-05-08 10:38:08,Speed Limit 120
2025-05-08 10:38:08,Speed Limit 120
2025-05-08 10:38:08,Speed Limit 120
2025-05-08 10:38:08,Speed Limit 80
2025-05-08 10:38:08,Speed Limit 80
2025-05-08 10:38:09,Speed Limit 120
2025-05-08 10:38:09,Speed Limit 120
2025-05-08 10:38:09,Speed Limit 120
2025-05-08 10:38:09,Speed Limit 120
2025-05-08 10:38:09,Speed Limit 120
2025-05-08 10:38:09,Speed Limit 120
2025-05-08 10:38:09,Speed Limit 120
2025-05-08 10:38:09,Speed Limit 120
2025-05-08 10:38:09,Speed Limit 120
2025-05-08 10:38:09,Speed Limit 120
2025-05-08 10:38:09,Speed Limit 120
2025-05-08 10:38:09,Speed Limit 120
2025-05-08 10:38:09,Speed Limit 120
2025-05-08 10:38:09,Speed Limit 120
2025-05-08 10:38:09,Speed Limit 120
2025-05-08 10:38:09,Speed Limit 120
2025-05-08 10:38:09,Speed Limit 120
2025-05-08 10:38:09,Speed Limit 120
2025-05-08 10:38:09,Speed Limit 120
2025-05-08 10:38:09,Speed Limit 120
2025-05-08 10:38:09,Speed Limit 120
2025-05-08 10:38:09,Speed Limit 120
2025-05-08 10:38:09,Speed Limit 120
2025-05-08 10:38:10,Speed Limit 120
2025-05-08 10:38:10,Speed Limit 120
2025-05-08 10:38:10,Speed Limit 120
2025-05-08 10:38:10,Speed Limit 120
2025-05-08 10:38:10,Speed Limit 120
2025-05-08 10:38:10,Speed Limit 120
2025-05-08 10:38:10,Speed Limit 120
2025-05-08 10:38:10,Speed Limit 120
2025-05-08 10:38:10,Speed Limit 120
2025-05-08 10:38:10,Speed Limit 120
2025-05-08 10:38:10,Speed Limit 120
2025-05-08 10:38:10,Speed Limit 120
2025-05-08 10:38:10,Speed Limit 120
2025-05-08 10:38:10,Speed Limit 120
2025-05-08 10:38:10,Speed Limit 120
2025-05-08 10:38:10,Speed Limit 120
2025-05-08 10:38:10,Speed Limit 120
2025-05-08 10:38:10,Speed Limit 120
2025-05-08 10:38:10,Speed Limit 120
2025-05-08 10:38:10,Speed Limit 120
2025-05-08 10:38:10,Speed Limit 120
2025-05-08 10:38:10,Speed Limit 120
2025-05-08 10:38:11,Speed Limit 120
2025-05-08 10:38:11,Speed Limit 120
2025-05-08 10:38:11,Speed Limit 120
2025-05-08 10:38:11,Speed Limit 120
2025-05-08 10:38:11,Speed Limit 120
2025-05-08 10:38:11,Speed Limit 120
2025-05-08 10:38:11,Speed Limit 120
2025-05-08 10:38:11,Speed Limit 120
2025-05-08 10:38:11,Speed Limit 120
2025-05-08 10:38:11,Speed Limit 120
2025-05-08 10:38:11,Speed Limit 120
2025-05-08 10:38:11,Speed Limit 120
2025-05-08 10:38:11,Speed Limit 80
2025-05-08 10:38:11,Speed Limit 80
2025-05-08 10:38:11,Speed Limit 80
2025-05-08 10:38:11,Speed Limit 80
2025-05-08 10:38:11,Speed Limit 80
2025-05-08 10:38:11,Speed Limit 80
2025-05-08 10:38:11,Speed Limit 80
2025-05-08 10:38:11,Speed Limit 80
2025-05-08 10:38:11,Speed Limit 80
2025-05-08 10:38:12,Speed Limit 80
2025-05-08 10:38:12,Speed Limit 80
2025-05-08 10:38:12,Speed Limit 80
2025-05-08 10:38:12,Speed Limit 80
2025-05-08 10:38:12,Speed Limit 80
2025-05-08 10:38:12,Speed Limit 80
2025-05-08 10:38:12,Speed Limit 80
2025-05-08 10:38:12,Speed Limit 80
2025-05-08 10:38:12,Speed Limit 80
2025-05-08 10:38:12,Speed Limit 120
2025-05-08 10:38:12,Speed Limit 120
2025-05-08 10:38:12,Speed Limit 120
2025-05-08 10:38:12,No Entry
2025-05-08 10:38:20,Speed Limit 30
2025-05-08 10:38:20,Speed Limit 30
2025-05-08 10:38:20,Speed Limit 30
2025-05-08 10:38:20,Speed Limit 30
2025-05-08 10:38:20,Speed Limit 30
2025-05-08 10:38:20,Speed Limit 30
2025-05-08 10:38:20,Speed Limit 30
2025-05-08 10:38:21,Speed Limit 30
2025-05-08 10:38:21,Speed Limit 30
2025-05-08 10:38:21,Speed Limit 30
2025-05-08 10:38:21,No Overtaking
2025-05-08 10:38:21,Speed Limit 30
2025-05-08 10:38:21,Speed Limit 30
2025-05-08 10:38:21,Speed Limit 30
2025-05-08 10:38:21,No Overtaking
2025-05-08 10:38:22,Priority Road
2025-05-08 10:38:22,Priority Road
2025-05-08 10:38:22,Priority Road
2025-05-08 10:38:23,Speed Limit 30
2025-05-08 10:38:42,Keep Right
2025-05-08 10:38:43,No Entry
2025-05-08 10:38:44,Keep Right
2025-05-08 10:38:44,Keep Right
2025-05-08 10:38:44,Keep Right
2025-05-08 10:38:44,Keep Right
2025-05-08 10:38:44,Keep Right
2025-05-08 10:38:44,Keep Right
2025-05-08 10:38:45,Keep Right
2025-05-08 10:38:45,Keep Right
2025-05-08 10:38:45,Keep Right
2025-05-08 10:38:45,Keep Right
2025-05-08 10:38:45,Keep Right
2025-05-08 10:38:45,Keep Right
2025-05-08 10:38:45,Keep Right
2025-05-08 10:38:45,Keep Right
2025-05-08 10:38:45,Keep Right
2025-05-08 10:38:45,Keep Right
2025-05-08 10:38:45,Keep Right
2025-05-08 10:38:46,Keep Right
2025-05-08 10:38:46,Keep Right
2025-05-08 10:38:46,Keep Right
2025-05-08 10:38:46,Keep Right
2025-05-08 10:38:47,Keep Right
2025-05-08 10:38:47,Keep Right
2025-05-08 10:38:47,Keep Right
2025-05-08 10:38:47,Keep Right
2025-05-08 10:38:47,Keep Right
2025-05-08 10:38:48,Keep Right
2025-05-08 10:38:48,Keep Right
2025-05-08 10:38:48,Keep Right
2025-05-08 10:38:48,Keep Right
2025-05-08 10:38:48,Keep Right
2025-05-08 10:38:48,Keep Right
2025-05-08 10:38:48,Keep Right
2025-05-08 10:38:48,Keep Right
2025-05-08 10:38:48,Keep Right
2025-05-08 10:38:48,Keep Right
2025-05-08 10:38:48,Keep Right
2025-05-08 10:38:48,Keep Right
2025-05-08 10:38:49,Keep Right
2025-05-08 10:38:49,Keep Right
2025-05-08 10:38:49,Keep Right
2025-05-08 10:38:49,Keep Right
2025-05-08 10:38:49,Keep Right
2025-05-08 10:38:49,Keep Right
2025-05-08 10:38:49,Keep Right
2025-05-08 10:39:13,Priority at Next Intersection
2025-05-08 10:39:13,Priority at Next Intersection
2025-05-08 10:39:13,Priority at Next Intersection
2025-05-08 10:39:13,Priority at Next Intersection
2025-05-08 10:39:13,Priority at Next Intersection
2025-05-08 10:39:13,Priority at Next Intersection
2025-05-08 10:39:14,Priority at Next Intersection
2025-05-08 10:39:14,Priority at Next Intersection
2025-05-08 10:39:14,Priority at Next Intersection
2025-05-08 10:39:14,Priority at Next Intersection
2025-05-08 10:39:14,Priority at Next Intersection
2025-05-08 10:39:14,Priority at Next Intersection
2025-05-08 10:39:15,Priority at Next Intersection
2025-05-08 10:39:15,Priority at Next Intersection
2025-05-08 10:39:16,Priority at Next Intersection
2025-05-08 10:39:16,Priority at Next Intersection
2025-05-08 10:39:16,Priority at Next Intersection
2025-05-08 10:39:17,Priority at Next Intersection
2025-05-08 10:39:17,Priority at Next Intersection
2025-05-08 10:39:17,Priority at Next Intersection
2025-05-08 10:39:17,Priority at Next Intersection
2025-05-08 10:39:17,Priority at Next Intersection
2025-05-08 10:39:17,Priority at Next Intersection
2025-05-08 10:39:17,Priority at Next Intersection
2025-05-08 10:39:17,Priority at Next Intersection
2025-05-08 10:39:17,Priority at Next Intersection
2025-05-08 10:39:17,Priority at Next Intersection
2025-05-08 10:39:17,Priority at Next Intersection
2025-05-08 10:39:18,Priority at Next Intersection
2025-05-08 10:39:18,Priority at Next Intersection
2025-05-08 10:39:18,Priority at Next Intersection
2025-05-08 10:39:18,Priority at Next Intersection
2025-05-08 10:39:18,Priority at Next Intersection
2025-05-08 10:39:18,Priority at Next Intersection
2025-05-08 10:39:18,Priority at Next Intersection
2025-05-08 10:39:18,Priority at Next Intersection
2025-05-08 10:39:18,Priority at Next Intersection
2025-05-08 10:39:18,Priority at Next Intersection
2025-05-08 10:39:18,Priority at Next Intersection
2025-05-08 10:39:18,Priority at Next Intersection
2025-05-08 10:39:18,Priority at Next Intersection
2025-05-08 10:39:18,Priority at Next Intersection
2025-05-08 10:39:19,Priority at Next Intersection
2025-05-08 10:39:22,Keep Right
2025-05-08 10:39:22,Keep Right
2025-05-08 10:39:22,Keep Right
2025-05-08 10:39:23,Keep Right
2025-05-08 10:39:23,Keep Right
2025-05-08 10:39:24,Keep Right
2025-05-08 10:39:24,Keep Right
2025-05-08 10:39:24,Keep Right
2025-05-08 10:39:24,Keep Right
2025-05-08 10:39:24,Keep Right
2025-05-08 10:39:24,Keep Right
2025-05-08 10:39:24,Keep Right
2025-05-08 10:39:24,Keep Right
2025-05-08 10:39:24,Keep Right
2025-05-08 10:39:24,Keep Right
2025-05-08 10:39:24,Keep Right
2025-05-08 10:39:24,Keep Right
2025-05-08 10:39:24,Keep Right
2025-05-08 10:39:24,Keep Right
2025-05-08 10:39:25,Keep Right
2025-05-08 10:39:25,Keep Right
2025-05-08 10:39:25,Keep Right
2025-05-08 10:39:25,Keep Right
2025-05-08 10:39:25,Keep Right
2025-05-08 10:39:25,Keep Right
2025-05-08 10:39:25,Keep Right
2025-05-08 10:39:25,Keep Right
2025-05-08 10:39:25,Keep Right
2025-05-08 10:39:25,Keep Right
2025-05-08 10:39:25,Keep Right
2025-05-08 10:39:25,Keep Right
2025-05-08 10:39:25,Keep Right
2025-05-08 10:39:25,Keep Right
2025-05-08 10:39:25,Keep Right
2025-05-08 10:39:25,Keep Right
2025-05-08 10:39:25,Keep Right
2025-05-08 10:39:25,Keep Right
2025-05-08 10:39:25,Keep Right
2025-05-08 10:39:26,Keep Right
2025-05-08 10:39:26,Keep Right
2025-05-08 10:39:26,Keep Right
2025-05-08 10:39:26,Keep Right
2025-05-08 10:39:26,Keep Right
2025-05-08 10:39:26,Keep Right
2025-05-08 10:39:26,Keep Right
2025-05-08 10:39:26,Keep Right
2025-05-08 10:39:26,Keep Right
2025-05-08 10:39:26,Keep Right
2025-05-08 10:39:26,Keep Right
2025-05-08 10:39:26,Keep Right
2025-05-08 10:39:26,Keep Right
2025-05-08 10:39:26,Keep Right
2025-05-08 10:39:26,Keep Right
2025-05-08 10:39:26,Keep Right
2025-05-08 10:39:26,Keep Right
2025-05-08 10:39:26,Keep Right
2025-05-08 10:39:26,Keep Right
2025-05-08 10:39:26,Keep Right
2025-05-08 10:39:26,Keep Right
2025-05-08 10:39:26,Keep Right
2025-05-08 10:39:26,Keep Right
2025-05-08 10:39:26,Keep Right
2025-05-08 10:39:26,Keep Right
2025-05-08 10:39:26,Keep Right
2025-05-08 10:39:27,Keep Right
2025-05-08 10:39:27,Keep Right
2025-05-08 10:39:27,Keep Right
2025-05-08 10:39:27,Keep Right
2025-05-08 10:39:27,Keep Right
2025-05-08 10:39:27,Keep Right
2025-05-08 10:39:27,Keep Right
2025-05-08 10:39:27,Keep Right
2025-05-08 10:39:27,Keep Right
2025-05-08 10:39:27,Keep Right
2025-05-08 10:39:27,Keep Right
2025-05-08 10:39:27,Keep Right
2025-05-08 10:39:27,Keep Right
2025-05-08 10:39:27,Keep Right
2025-05-08 10:39:30,Speed Limit 30
2025-05-08 10:39:30,Speed Limit 30
2025-05-08 10:39:32,General Danger
2025-05-08 10:39:32,General Danger
2025-05-08 10:39:33,General Danger
2025-05-08 10:39:33,Priority at Next Intersection
2025-05-08 10:39:33,General Danger
2025-05-08 10:39:33,General Danger
2025-05-08 10:39:33,Priority at Next Intersection
2025-05-08 10:39:33,General Danger
2025-05-08 10:39:34,Priority at Next Intersection
2025-05-08 10:39:34,Priority at Next Intersection
2025-05-08 10:39:34,Priority at Next Intersection
2025-05-08 10:39:34,Priority at Next Intersection
2025-05-08 10:39:35,General Danger
2025-05-08 10:39:35,Priority at Next Intersection
2025-05-08 10:39:35,Priority at Next Intersection
2025-05-08 10:39:35,General Danger
2025-05-08 10:39:35,Priority at Next Intersection
2025-05-08 10:39:36,Priority at Next Intersection
2025-05-08 10:39:36,General Danger
2025-05-08 10:39:36,General Danger
2025-05-08 10:39:36,General Danger
2025-05-08 10:39:36,Priority at Next Intersection
2025-05-08 10:39:36,Priority at Next Intersection
2025-05-08 10:39:36,Priority at Next Intersection
2025-05-08 10:39:36,Priority at Next Intersection
2025-05-08 10:39:37,Priority at Next Intersection
2025-05-08 10:39:37,General Danger
2025-05-08 10:39:37,Priority at Next Intersection
2025-05-08 10:39:37,Priority at Next Intersection
2025-05-08 10:39:37,General Danger
2025-05-08 10:39:37,General Danger
2025-05-08 10:39:37,General Danger
2025-05-08 10:39:37,Priority at Next Intersection
2025-05-08 10:39:38,Priority at Next Intersection
2025-05-08 10:39:38,Priority at Next Intersection
2025-05-08 10:39:38,General Danger
2025-05-08 10:39:38,Priority at Next Intersection
2025-05-08 10:39:38,General Danger
2025-05-08 10:39:38,Priority at Next Intersection
2025-05-08 10:39:38,General Danger
2025-05-08 10:39:39,General Danger
2025-05-08 10:39:39,General Danger
2025-05-08 10:39:39,Priority at Next Intersection
2025-05-08 10:39:40,General Danger
2025-05-08 10:40:16,Road Work
2025-05-08 10:40:16,Road Work
2025-05-08 10:40:18,No Trucks
2025-05-08 10:40:48,Speed Limit 100
2025-05-08 10:40:48,Speed Limit 100
2025-05-08 10:40:48,Speed Limit 100
2025-05-08 10:47:38,Keep Right
2025-05-08 10:47:38,Keep Right
2025-05-08 10:47:38,Keep Right
2025-05-08 10:47:39,Keep Right
2025-05-08 10:47:39,Keep Right
2025-05-08 10:47:39,Keep Right
2025-05-08 10:47:39,Keep Right
2025-05-08 10:47:39,Keep Right
2025-05-08 10:47:39,Keep Right
2025-05-08 10:47:39,Keep Right
2025-05-08 10:47:39,Keep Right
2025-05-08 10:47:40,Keep Right
2025-05-08 10:47:40,Keep Right
2025-05-08 10:47:44,General Danger
2025-05-08 10:47:44,General Danger
2025-05-08 10:47:44,General Danger
2025-05-08 10:47:45,General Danger
2025-05-08 10:47:45,General Danger
2025-05-08 10:47:45,General Danger
2025-05-08 10:47:45,General Danger
2025-05-08 10:47:45,General Danger
2025-05-08 10:47:45,General Danger
2025-05-08 10:47:45,General Danger
2025-05-08 10:47:52,Priority Road
2025-05-08 10:47:53,Priority Road
2025-05-08 10:47:59,Road Work
2025-05-08 10:47:59,Road Work
2025-05-08 10:47:59,General Danger
2025-05-08 10:47:59,General Danger
2025-05-08 10:47:59,General Danger
2025-05-08 10:47:59,General Danger
2025-05-08 10:47:59,General Danger
2025-05-08 10:47:59,General Danger
2025-05-08 10:47:59,General Danger
2025-05-08 10:48:00,General Danger
2025-05-08 10:48:00,General Danger
2025-05-08 10:48:00,General Danger
2025-05-08 10:48:05,Go Straight
2025-05-08 10:48:05,Go Straight
2025-05-08 10:48:05,Go Straight
2025-05-08 10:48:05,Go Straight
2025-05-08 10:48:05,Go Straight
2025-05-08 10:48:05,Go Straight
2025-05-08 10:48:05,Go Straight
2025-05-08 10:48:05,Go Straight
2025-05-08 10:48:06,Go Straight
2025-05-08 10:48:06,Go Straight
2025-05-08 10:48:06,Go Straight
2025-05-08 10:48:06,Go Straight
2025-05-08 10:48:06,Go Straight
2025-05-08 10:48:06,Go Straight
2025-05-08 10:48:06,Go Straight
2025-05-08 10:48:06,Go Straight
2025-05-08 10:48:06,Go Straight
2025-05-08 10:48:06,Go Straight
2025-05-08 10:48:06,Go Straight
2025-05-08 10:48:31,No Entry
2025-05-08 10:48:31,No Entry
2025-05-08 10:48:31,Speed Limit 120
2025-05-08 10:48:31,Speed Limit 80
2025-05-08 10:48:32,No Entry
2025-05-08 10:48:32,Speed Limit 120
2025-05-08 10:48:32,Speed Limit 80
2025-05-08 10:48:32,Speed Limit 80
2025-05-08 10:48:32,Speed Limit 80
2025-05-08 10:48:32,Speed Limit 120
2025-05-08 10:48:33,Speed Limit 80
2025-05-08 10:48:33,Speed Limit 80
2025-05-08 10:48:33,Speed Limit 120
2025-05-08 10:48:33,Speed Limit 80
2025-05-08 10:48:34,Speed Limit 80
2025-05-08 10:48:34,No Trucks
2025-05-08 10:48:34,No Trucks
2025-05-08 10:48:34,No Trucks
2025-05-08 10:48:34,No Trucks
2025-05-08 10:48:34,No Trucks
2025-05-08 10:48:35,No Trucks
2025-05-08 10:48:35,No Trucks
2025-05-08 10:48:35,No Trucks
2025-05-08 10:48:35,No Trucks
2025-05-08 10:48:35,No Trucks
2025-05-08 10:48:35,No Trucks
2025-05-08 10:48:36,No Trucks
2025-05-08 10:48:36,No Trucks
2025-05-08 10:48:36,No Trucks
2025-05-08 10:48:36,No Trucks
2025-05-08 10:48:36,No Trucks
2025-05-08 10:48:36,No Trucks
2025-05-08 10:48:36,No Trucks
2025-05-08 10:48:36,No Trucks
2025-05-08 10:48:36,No Trucks
2025-05-08 10:48:36,No Trucks
2025-05-08 10:48:36,No Trucks
2025-05-08 10:48:36,No Trucks
2025-05-08 10:48:36,No Trucks
2025-05-08 10:48:36,No Trucks
2025-05-08 10:48:37,No Trucks
2025-05-08 10:48:37,No Trucks
2025-05-08 10:48:37,No Trucks
2025-05-08 10:48:37,No Overtaking
2025-05-08 10:48:39,Keep Left
2025-05-08 10:48:47,Speed Limit 30
2025-05-08 10:48:47,Speed Limit 30
2025-05-08 10:48:47,Slippery Road
2025-05-08 10:48:47,Speed Limit 30
2025-05-08 10:48:47,Speed Limit 30
2025-05-08 10:48:47,Speed Limit 30
2025-05-08 10:48:47,Speed Limit 30
2025-05-08 10:48:47,Speed Limit 30
2025-05-08 10:48:47,Speed Limit 30
2025-05-08 10:48:47,Speed Limit 30
2025-05-08 10:48:48,Speed Limit 30
2025-05-08 10:48:48,Speed Limit 30
2025-05-08 10:48:48,Speed Limit 30
2025-05-08 10:48:48,Speed Limit 30
2025-05-08 10:48:48,Speed Limit 30
2025-05-08 10:48:48,Speed Limit 30
2025-05-08 10:48:48,Speed Limit 30
2025-05-08 10:48:48,Speed Limit 30
2025-05-08 10:48:48,Speed Limit 30
2025-05-08 10:48:48,Speed Limit 30
2025-05-08 10:48:48,Speed Limit 30
2025-05-08 10:48:48,Speed Limit 30
2025-05-08 10:48:48,Speed Limit 30
2025-05-08 10:48:48,Speed Limit 30
2025-05-08 10:48:48,Speed Limit 30
2025-05-08 10:48:48,Speed Limit 30
2025-05-08 10:48:48,Speed Limit 30
2025-05-08 10:48:48,Speed Limit 30
2025-05-08 10:48:48,Speed Limit 30
2025-05-08 10:48:48,Speed Limit 30
2025-05-08 10:48:48,Speed Limit 30
2025-05-08 10:48:48,Speed Limit 30
2025-05-08 10:48:49,Speed Limit 30
2025-05-08 10:48:49,Speed Limit 30
2025-05-08 10:48:49,Speed Limit 30
2025-05-08 10:48:49,Speed Limit 30
2025-05-08 10:48:49,Speed Limit 30
2025-05-08 10:48:49,Speed Limit 30
2025-05-08 10:48:49,Speed Limit 80
2025-05-08 10:48:49,Speed Limit 30
2025-05-08 10:48:49,General Danger
2025-05-08 10:48:49,Speed Limit 80
2025-05-08 10:48:49,Speed Limit 30
2025-05-08 10:48:49,Speed Limit 30
2025-05-08 10:48:49,General Danger
2025-05-08 10:48:49,Speed Limit 30
2025-05-08 10:48:49,Speed Limit 30
2025-05-08 10:48:49,Speed Limit 30
2025-05-08 10:48:49,Speed Limit 30
2025-05-08 10:48:49,General Danger
2025-05-08 10:48:49,General Danger
2025-05-08 10:48:49,Speed Limit 30
2025-05-08 10:48:49,Speed Limit 80
2025-05-08 10:48:49,Speed Limit 30
2025-05-08 10:48:49,Speed Limit 30
2025-05-08 10:48:50,Speed Limit 30
2025-05-08 10:48:50,Speed Limit 30
2025-05-08 10:48:50,Speed Limit 30
2025-05-08 10:48:50,Speed Limit 30
2025-05-08 10:48:50,Speed Limit 30
2025-05-08 10:48:50,Speed Limit 30
2025-05-08 10:48:50,Speed Limit 30
2025-05-08 10:48:50,Speed Limit 30
2025-05-08 10:48:50,Speed Limit 30
2025-05-08 10:48:50,Speed Limit 30
2025-05-08 10:48:50,Speed Limit 30
2025-05-08 10:48:50,Speed Limit 30
2025-05-08 10:48:50,Speed Limit 30
2025-05-08 10:48:50,Speed Limit 30
2025-05-08 10:48:50,Speed Limit 30
2025-05-08 10:48:50,Speed Limit 30
2025-05-08 10:48:50,Speed Limit 30
2025-05-08 10:48:50,Speed Limit 30
2025-05-08 10:48:50,Speed Limit 30
2025-05-08 10:48:50,Speed Limit 30
2025-05-08 10:48:50,Speed Limit 30
2025-05-08 10:48:50,Speed Limit 30
2025-05-08 10:48:50,Speed Limit 30
2025-05-08 10:48:50,Speed Limit 30
2025-05-08 10:48:51,Speed Limit 30
2025-05-08 10:48:51,Speed Limit 30
2025-05-08 10:48:51,Speed Limit 30
2025-05-08 10:48:51,Speed Limit 30
2025-05-08 10:48:51,Speed Limit 30
2025-05-08 10:48:51,Speed Limit 30
2025-05-08 10:49:01,Keep Right
2025-05-08 10:49:01,Keep Right
2025-05-08 10:49:01,Keep Right
2025-05-08 10:49:07,Keep Right
2025-05-08 11:20:15,Keep Right
2025-05-08 11:20:15,Keep Right
2025-05-08 11:20:16,Keep Right
2025-05-08 11:20:16,Keep Right
2025-05-08 11:20:16,Keep Right
2025-05-08 11:20:16,Keep Right
2025-05-08 11:20:16,Keep Right
2025-05-08 11:20:16,Keep Right
2025-05-08 11:20:17,Keep Right
2025-05-08 11:20:33,Priority at Next Intersection
2025-05-08 11:20:34,Priority at Next Intersection
2025-05-08 11:20:34,Slippery Road
2025-05-08 11:20:50,Keep Right
2025-05-08 11:20:50,Keep Right
2025-05-08 11:20:50,Keep Right
2025-05-08 11:20:51,Keep Right
2025-05-08 11:20:51,Keep Right
2025-05-08 11:20:51,Keep Right
2025-05-08 11:20:51,Keep Right
2025-05-08 11:20:51,Keep Right
2025-05-08 11:20:55,General Danger
2025-05-08 11:20:56,General Danger
2025-05-16 18:22:45,No Trucks
2025-05-16 18:22:51,No Trucks
2025-05-16 18:22:53,No Overtaking
2025-05-16 18:23:16,Speed Limit 30
2025-05-16 18:23:18,Keep Right
2025-05-16 18:23:18,Speed Limit 30
2025-05-16 18:23:19,General Danger
2025-05-16 18:23:19,General Danger
2025-05-16 18:23:19,General Danger
2025-05-16 18:23:20,Speed Limit 30
2025-05-16 18:23:20,Speed Limit 30
2025-05-16 18:23:20,Speed Limit 30
2025-05-16 18:23:20,Speed Limit 30
2025-05-16 18:23:20,Speed Limit 30
2025-05-16 18:23:21,Speed Limit 30
2025-05-16 18:23:22,General Danger
2025-05-16 18:23:22,General Danger
2025-05-16 18:23:22,Speed Limit 30
2025-05-16 18:23:23,Speed Limit 30
2025-05-16 18:23:24,Speed Limit 30
2025-05-16 18:23:24,General Danger
2025-05-16 18:23:24,Speed Limit 30
2025-05-16 18:23:24,Speed Limit 30
2025-05-16 18:23:25,Speed Limit 30
2025-05-16 18:23:25,Speed Limit 30
2025-05-16 18:23:28,Speed Limit 30
2025-05-16 18:23:29,Speed Limit 30
2025-05-16 18:23:45,Speed Limit 30
2025-05-16 18:23:51,Speed Limit 30
2025-05-16 18:23:51,No Vehicles
2025-05-16 18:23:52,Go Straight
2025-05-16 18:23:53,Speed Limit 30
2025-05-16 18:23:54,Speed Limit 30
2025-05-16 18:23:54,Speed Limit 30
2025-05-16 18:23:55,Speed Limit 30
2025-05-16 18:23:56,Speed Limit 30
2025-05-16 18:23:56,Speed Limit 30
2025-05-16 18:23:57,Speed Limit 30
2025-05-16 18:23:57,Speed Limit 30
2025-05-16 18:23:57,Speed Limit 30
2025-05-16 18:23:58,Speed Limit 30
2025-05-16 18:33:46,Road Work
2025-05-16 18:33:46,Speed Limit 60
2025-05-16 18:33:46,Speed Limit 60
2025-05-16 18:33:46,Road Work
2025-05-16 18:33:47,Yield
2025-05-16 18:33:48,Yield
2025-05-16 18:33:48,Yield
2025-05-16 18:33:48,Yield
2025-05-16 18:33:48,No Entry
2025-05-16 18:33:48,Road Work
2025-05-16 18:35:09,Bicycles
2025-05-16 18:35:37,Keep Right
2025-05-16 18:35:37,Keep Right
2025-05-16 18:35:38,Go Straight
2025-05-16 18:35:38,Go Straight
2025-05-16 18:35:39,Go Straight
2025-05-16 18:35:40,Go Straight
2025-05-16 18:35:40,Roundabout
2025-05-16 18:35:40,No Overtaking
2025-05-16 18:35:40,No Overtaking
2025-05-16 18:35:40,Go Straight
2025-05-16 18:35:40,Go Straight
2025-05-16 18:35:40,No Overtaking
2025-05-16 18:35:40,No Overtaking
2025-05-16 18:35:40,No Overtaking
2025-05-16 18:35:40,No Overtaking
2025-05-16 18:35:40,No Overtaking
2025-05-16 18:35:40,Go Straight
2025-05-16 18:35:40,Go Straight
2025-05-16 18:35:41,Go Straight
2025-05-16 18:35:41,Go Straight
2025-05-16 18:35:41,No Overtaking
2025-05-16 18:35:41,Go Straight
2025-05-16 18:35:42,Go Straight
2025-05-16 18:35:42,Go Straight
2025-05-16 18:35:42,Go Straight
2025-05-16 18:35:42,Go Straight
2025-05-16 18:35:42,Go Straight
2025-05-16 18:35:42,Go Straight
2025-05-16 18:35:43,Go Straight
2025-05-16 18:35:43,Priority Road
2025-05-16 18:35:43,Priority Road
2025-05-16 18:35:43,Priority Road
2025-05-16 18:35:43,Priority Road
2025-05-16 18:35:43,Priority Road
2025-05-16 18:35:43,Go Straight
2025-05-16 18:35:43,Go Straight
2025-05-16 18:35:43,Go Straight
2025-05-16 18:35:43,Go Straight
2025-05-16 18:35:43,Priority Road
2025-05-16 18:35:45,Turn Left
2025-05-16 18:35:45,Turn Left
2025-05-16 18:35:45,Priority Road
2025-05-16 18:35:45,Go Straight
2025-05-16 18:35:45,Go Straight
2025-05-16 18:35:45,Priority Road
2025-05-16 18:35:45,Go Straight
2025-05-16 18:35:45,Priority Road
2025-05-16 18:35:45,Priority Road
2025-05-16 18:35:45,Priority Road
2025-05-16 18:35:46,Priority Road
2025-05-16 18:35:46,Priority Road
2025-05-16 18:35:46,Priority Road
2025-05-16 18:35:46,Priority Road
2025-05-16 18:35:46,Priority Road
2025-05-16 18:35:46,Priority Road
2025-05-16 18:35:46,Priority Road
2025-05-16 18:35:46,Priority Road
2025-05-16 18:35:46,Priority Road
2025-05-16 18:35:46,Priority Road
2025-05-16 18:35:46,Priority Road
2025-05-16 18:35:46,Priority Road
2025-05-16 18:35:46,Priority Road
2025-05-16 18:35:46,Priority Road
2025-05-16 18:35:46,Priority Road
2025-05-16 18:35:46,Priority Road
2025-05-16 18:35:46,Priority Road
2025-05-16 18:35:47,Priority Road
2025-05-16 18:35:47,Priority Road
2025-05-16 18:35:47,Priority Road
2025-05-16 18:35:47,Go Straight
2025-05-16 18:35:47,Go Straight
2025-05-16 18:35:47,Go Straight
2025-05-16 18:35:47,Go Straight
2025-05-16 18:35:47,Go Straight
2025-05-16 18:35:47,Go Straight
2025-05-16 18:35:47,Go Straight
2025-05-16 18:35:47,Go Straight
2025-05-16 18:35:47,Go Straight
2025-05-16 18:35:47,Priority Road
2025-05-16 18:35:47,Priority Road
2025-05-16 18:35:47,Priority Road
2025-05-16 18:35:47,Priority Road
2025-05-16 18:35:47,Priority Road
2025-05-16 18:35:47,Priority Road
2025-05-16 18:35:47,Priority Road
2025-05-16 18:35:47,Priority Road
2025-05-16 18:35:47,Go Straight
2025-05-16 18:35:48,Keep Right
2025-05-16 18:35:48,No Trucks
2025-05-16 18:35:48,No Trucks
2025-05-16 18:35:48,Priority Road
2025-05-16 18:35:48,Priority Road
2025-05-16 18:35:49,Turn Left
2025-05-16 18:35:49,Turn Left
2025-05-16 18:35:49,Keep Right
2025-05-16 18:35:49,Keep Right
2025-05-16 18:35:49,Keep Right
2025-05-16 18:35:49,Keep Right
2025-05-16 18:35:49,Keep Right
2025-05-16 18:35:50,Keep Right
2025-05-16 18:35:50,Keep Right
2025-05-16 18:35:50,Keep Right
2025-05-16 18:35:50,Keep Right
2025-05-16 18:35:50,Keep Right
2025-05-16 18:35:50,Keep Right
2025-05-16 18:35:50,Keep Right
2025-05-16 18:35:50,Keep Right
2025-05-16 18:35:50,Keep Right
2025-05-16 18:36:03,Priority Road
2025-05-16 18:36:03,Priority Road
2025-05-16 18:36:03,Priority Road
2025-05-16 18:36:03,Priority Road
2025-05-16 18:36:04,Priority Road
2025-05-16 18:36:04,Priority Road
2025-05-16 18:36:04,Priority Road
2025-05-16 18:36:04,Priority Road
2025-05-16 18:36:04,Priority Road
2025-05-16 18:36:04,Priority Road
2025-05-16 18:36:04,Priority Road
2025-05-16 18:36:04,Priority Road
2025-05-16 18:36:04,Priority Road
2025-05-16 18:36:04,Priority Road
2025-05-16 18:36:04,Priority Road
2025-05-16 18:36:04,Priority Road
2025-05-16 18:36:05,End No Overtake Trucks
2025-05-16 18:36:05,End No Overtake Trucks
2025-05-16 18:36:05,Speed Limit 80
2025-05-16 18:36:05,Priority at Next Intersection
2025-05-16 18:36:05,Priority at Next Intersection
2025-05-16 18:36:05,Priority at Next Intersection
2025-05-16 18:36:05,Keep Right
2025-05-16 18:36:05,Keep Right
2025-05-16 18:36:05,Keep Right
2025-05-16 18:36:05,Go Straight or Right
2025-05-16 18:36:05,Go Straight or Right
2025-05-16 18:36:05,No Entry
2025-05-16 18:36:06,Go Straight
2025-05-16 18:36:08,Priority Road
2025-05-16 18:36:08,Priority Road
2025-05-16 18:36:08,Priority Road
2025-05-16 18:36:08,Priority Road
2025-05-16 18:36:08,Priority Road
2025-05-16 18:36:10,Keep Right
2025-05-16 18:36:10,Keep Right
2025-05-16 18:36:10,Keep Right
2025-05-16 18:36:10,Keep Right
2025-05-16 18:36:10,Keep Right
2025-05-16 18:36:10,Keep Right
2025-05-16 18:36:10,Keep Right
2025-05-16 18:36:10,Go Straight or Right
2025-05-16 18:36:10,Go Straight or Right
2025-05-16 18:36:10,Go Straight or Right
2025-05-16 18:36:10,Go Straight or Right
2025-05-16 18:36:10,Keep Right
2025-05-16 18:36:10,Go Straight or Right
2025-05-16 18:36:11,Go Straight or Right
2025-05-16 18:36:11,Go Straight or Right
2025-05-16 18:36:11,Go Straight or Right
2025-05-16 18:36:11,Go Straight or Right
2025-05-16 18:36:11,Go Straight or Right
2025-05-16 18:36:11,Go Straight or Right
2025-05-16 18:36:11,Go Straight or Right
2025-05-16 18:36:11,Go Straight or Right
2025-05-16 18:36:11,Go Straight or Right
2025-05-16 18:36:11,Go Straight or Right
2025-05-16 18:36:11,Go Straight or Right
2025-05-16 18:36:11,Go Straight or Right
2025-05-16 18:36:11,Go Straight or Right
2025-05-16 18:36:12,Go Straight or Right
2025-05-16 18:36:12,Go Straight or Right
2025-05-16 18:36:12,Go Straight or Right
2025-05-16 18:36:12,Go Straight or Right
2025-05-16 18:36:12,Go Straight or Right
2025-05-16 18:36:12,Go Straight or Right
2025-05-16 18:36:12,Go Straight or Right
2025-05-16 18:36:12,Go Straight or Right
2025-05-16 18:36:12,Go Straight or Right
2025-05-16 18:36:12,Go Straight or Right
2025-05-16 18:36:12,Go Straight or Right
2025-05-16 18:36:12,Go Straight or Right
2025-05-16 18:36:12,Go Straight or Right
2025-05-16 18:36:12,Go Straight or Right
2025-05-16 18:36:12,Go Straight or Right
2025-05-16 18:36:12,Go Straight or Right
2025-05-16 18:36:12,Go Straight or Right
2025-05-16 18:36:12,Go Straight or Right
2025-05-16 18:36:12,Go Straight or Right
2025-05-16 18:36:13,Go Straight or Right
2025-05-16 18:36:13,Go Straight or Right
2025-05-16 18:36:13,Go Straight or Right
2025-05-16 18:36:13,Go Straight or Right
2025-05-16 18:36:13,Go Straight or Right
2025-05-16 18:36:13,Go Straight or Right
2025-05-16 18:36:13,Go Straight or Right
2025-05-16 18:36:13,Go Straight or Right
2025-05-16 18:36:13,Go Straight or Right
2025-05-16 18:36:13,Go Straight or Right
2025-05-16 18:36:13,Go Straight or Right
2025-05-16 18:36:13,Go Straight or Right
2025-05-16 18:36:13,Go Straight or Right
2025-05-16 18:36:13,Go Straight or Right
2025-05-16 18:36:13,Go Straight or Right
2025-05-16 18:36:13,Go Straight or Right
2025-05-16 18:36:13,Go Straight or Right
2025-05-16 18:36:13,Go Straight or Right
2025-05-16 18:36:13,Go Straight or Right
2025-05-16 18:36:13,Go Straight or Right
2025-05-16 18:36:13,Go Straight or Right
2025-05-16 18:36:13,Go Straight or Right
2025-05-16 18:36:13,Go Straight or Right
2025-05-16 18:36:13,Go Straight or Right
2025-05-16 18:36:13,Go Straight or Right
2025-05-16 18:36:13,Go Straight or Right
2025-05-16 18:36:14,Go Straight or Right
2025-05-16 18:36:14,Go Straight or Right
2025-05-16 18:36:14,Go Straight or Right
2025-05-16 18:36:14,Go Straight or Right
2025-05-16 18:36:14,Go Straight or Right
2025-05-16 18:36:14,Go Straight or Right
2025-05-16 18:36:14,Go Straight or Right
2025-05-16 18:36:14,Go Straight or Right
2025-05-16 18:36:14,Go Straight or Right
2025-05-16 18:36:14,Go Straight or Right
2025-05-16 18:36:14,Go Straight or Right
2025-05-16 18:36:14,Go Straight or Right
2025-05-16 18:36:14,Go Straight or Right
2025-05-16 18:36:14,Go Straight or Right
2025-05-16 18:36:14,Go Straight or Right
2025-05-16 18:36:14,Go Straight or Right
2025-05-16 18:36:14,Go Straight or Right
2025-05-16 18:36:14,Go Straight or Right
2025-05-16 18:36:14,Go Straight or Right
2025-05-16 18:36:14,Go Straight or Right
2025-05-16 18:36:14,Go Straight or Right
2025-05-16 18:36:14,Go Straight or Right
2025-05-16 18:36:15,Go Straight or Right
2025-05-16 18:36:15,Go Straight or Right
2025-05-16 18:36:15,Go Straight or Right
2025-05-16 18:36:15,Go Straight or Right
2025-05-16 18:36:15,Go Straight or Right
2025-05-16 18:36:15,Go Straight or Right
2025-05-16 18:36:15,Go Straight or Right
2025-05-16 18:36:15,Go Straight or Right
2025-05-16 18:36:15,Go Straight or Right
2025-05-16 18:36:15,Go Straight or Right
2025-05-16 18:36:15,Go Straight or Right
2025-05-16 18:36:15,Go Straight or Right
2025-05-16 18:36:15,Go Straight or Right
2025-05-16 18:36:15,Go Straight or Right
2025-05-16 18:36:15,Go Straight or Right
2025-05-16 18:36:15,Go Straight or Right
2025-05-16 18:36:15,Go Straight or Right
2025-05-16 18:36:15,Go Straight or Right
2025-05-16 18:36:15,Go Straight or Right
2025-05-16 18:36:15,Go Straight or Right
2025-05-16 18:36:15,Go Straight or Right
2025-05-16 18:36:15,Go Straight or Right
2025-05-16 18:36:16,Go Straight or Right
2025-05-16 18:36:16,Go Straight or Right
2025-05-16 18:36:16,Go Straight or Right
2025-05-16 18:36:16,Go Straight or Right
2025-05-16 18:36:16,Go Straight or Right
2025-05-16 18:36:16,Go Straight or Right
2025-05-16 18:36:16,Go Straight or Right
2025-05-16 18:36:16,Go Straight or Right
2025-05-16 18:36:16,Go Straight or Right
2025-05-16 18:36:16,Go Straight or Right
2025-05-16 18:36:16,Go Straight or Right
2025-05-16 18:36:16,Go Straight or Right
2025-05-16 18:36:16,Go Straight or Right
2025-05-16 18:36:16,Go Straight or Right
2025-05-16 18:36:16,Go Straight or Right
2025-05-16 18:36:16,Go Straight or Right
2025-05-16 18:36:16,Go Straight or Right
2025-05-16 18:36:16,Go Straight or Right
2025-05-16 18:36:16,Go Straight or Right
2025-05-16 18:36:16,Go Straight or Right
2025-05-16 18:36:16,Go Straight or Right
2025-05-16 18:36:16,Go Straight or Right
2025-05-16 18:36:16,Go Straight or Right
2025-05-16 18:36:16,Go Straight or Right
2025-05-16 18:36:16,Go Straight or Right
2025-05-16 18:36:17,Go Straight or Right
2025-05-16 18:36:17,Go Straight or Right
2025-05-16 18:36:17,Go Straight or Right
2025-05-16 18:36:17,Go Straight or Right
2025-05-16 18:36:17,Go Straight or Right
2025-05-16 18:36:17,Go Straight or Right
2025-05-16 18:36:17,Go Straight or Right
2025-05-16 18:36:17,Go Straight or Right
2025-05-16 18:36:17,Go Straight or Right
2025-05-16 18:36:17,Go Straight or Right
2025-05-16 18:36:17,Go Straight or Right
2025-05-16 18:36:17,Go Straight or Right
2025-05-16 18:36:17,Go Straight or Right
2025-05-16 18:36:17,Go Straight or Right
2025-05-16 18:36:17,Go Straight or Right
2025-05-16 18:36:17,Go Straight or Right
2025-05-16 18:36:17,Go Straight or Right
2025-05-16 18:36:17,Go Straight or Right
2025-05-16 18:36:17,Go Straight or Right
2025-05-16 18:36:17,Go Straight or Right
2025-05-16 18:36:17,Go Straight or Right
2025-05-16 18:36:17,Go Straight or Right
2025-05-16 18:36:17,Go Straight or Right
2025-05-16 18:36:18,Go Straight or Right
2025-05-16 18:36:18,Go Straight or Right
2025-05-16 18:36:18,Go Straight or Right
2025-05-16 18:36:18,Go Straight or Right
2025-05-16 18:36:18,Go Straight or Right
2025-05-16 18:36:18,Go Straight or Right
2025-05-16 18:36:18,Go Straight or Right
2025-05-16 18:36:18,Go Straight or Right
2025-05-16 18:36:18,Go Straight or Right
2025-05-16 18:36:18,Go Straight or Right
2025-05-16 18:36:18,Go Straight or Right
2025-05-16 18:36:18,Go Straight or Right
2025-05-16 18:36:18,Go Straight or Right
2025-05-16 18:36:18,Go Straight or Right
2025-05-16 18:36:18,Go Straight or Right
2025-05-16 18:36:18,Go Straight or Right
2025-05-16 18:36:18,Go Straight or Right
2025-05-16 18:36:18,Go Straight or Right
2025-05-16 18:36:18,Go Straight or Right
2025-05-16 18:36:18,Go Straight or Right
2025-05-16 18:36:18,Go Straight or Right
2025-05-16 18:36:18,Go Straight or Right
2025-05-16 18:36:18,Go Straight or Right
2025-05-16 18:36:18,Go Straight or Right
2025-05-16 18:36:19,Go Straight or Right
2025-05-16 18:36:19,Go Straight or Right
2025-05-16 18:36:19,Go Straight or Right
2025-05-16 18:36:19,Go Straight or Right
2025-05-16 18:36:19,Go Straight or Right
2025-05-16 18:36:19,Go Straight or Right
2025-05-16 18:36:19,Go Straight or Right
2025-05-16 18:36:19,Go Straight or Right
2025-05-16 18:36:19,Go Straight or Right
2025-05-16 18:36:19,Go Straight or Right
2025-05-16 18:36:19,Go Straight or Right
2025-05-16 18:36:19,Go Straight or Right
2025-05-16 18:36:19,Go Straight or Right
2025-05-16 18:36:19,Go Straight or Right
2025-05-16 18:36:19,Go Straight or Right
2025-05-16 18:36:19,Go Straight or Right
2025-05-16 18:36:19,Go Straight or Right
2025-05-16 18:36:19,Go Straight or Right
2025-05-16 18:36:19,Speed Limit 30
2025-05-16 18:38:30,Keep Left
2025-05-16 18:38:30,Keep Left
2025-05-16 18:38:30,Keep Left
2025-05-16 18:38:32,Keep Left
2025-05-16 18:38:32,Keep Left
2025-05-16 18:38:32,Keep Left
2025-05-16 18:38:36,Keep Left
2025-05-16 18:38:36,Keep Left
2025-05-16 18:38:36,Keep Left
2025-05-16 18:38:36,Keep Left
2025-05-16 18:38:36,Keep Left
2025-05-16 18:38:36,Keep Left
2025-05-16 18:38:36,Keep Left
2025-05-16 18:38:36,Keep Left
2025-05-16 18:38:37,Keep Left
2025-05-16 18:38:37,Keep Left
2025-05-16 18:38:37,Keep Left
2025-05-16 18:38:37,Keep Left
2025-05-16 18:38:37,Keep Left
2025-05-16 18:38:37,Keep Left
2025-05-16 18:38:37,Keep Left
2025-05-16 18:38:37,Keep Left
2025-05-16 18:38:37,Keep Left
2025-05-16 18:38:37,Keep Left
2025-05-16 18:38:37,Keep Left
2025-05-16 18:43:54,Traffic Signals
2025-05-16 18:43:54,Curve Left
2025-05-16 18:43:55,No Vehicles
2025-05-16 18:43:55,No Vehicles
2025-05-16 18:43:55,Speed Limit 30
2025-05-16 18:43:55,Speed Limit 30
2025-05-16 18:43:55,Priority Road
2025-05-16 18:43:55,Priority Road
2025-05-16 18:44:02,No Trucks
2025-05-16 18:44:02,Curve Left
2025-05-16 18:44:02,Curve Left
2025-05-16 18:44:02,Priority Road
2025-05-16 18:44:03,Speed Limit 30
2025-05-16 18:44:03,Speed Limit 30
2025-05-16 18:44:03,Curve Left
2025-05-16 18:44:03,End of No Overtaking
2025-05-16 18:44:03,End of No Overtaking
2025-05-16 18:44:10,Traffic Signals
2025-05-16 18:44:10,Keep Right
2025-05-16 18:44:10,Keep Right
2025-05-16 18:44:11,Keep Right
2025-05-16 18:44:11,Keep Right
2025-05-16 18:44:11,Keep Right
2025-05-16 18:44:11,Keep Right
2025-05-16 18:44:11,Traffic Signals
2025-05-16 18:44:11,Traffic Signals
2025-05-16 18:44:11,Traffic Signals
2025-05-16 18:44:12,Traffic Signals
2025-05-16 18:44:12,Traffic Signals
2025-05-16 18:44:12,Traffic Signals
2025-05-16 18:44:12,Traffic Signals
2025-05-16 18:44:12,Traffic Signals
2025-05-16 18:44:12,Traffic Signals
2025-05-16 18:44:12,Traffic Signals
2025-05-16 18:44:12,Traffic Signals
2025-05-16 18:44:12,Traffic Signals
2025-05-16 18:44:12,Traffic Signals
2025-05-16 18:44:12,Traffic Signals
2025-05-16 18:44:12,Traffic Signals
2025-05-16 18:44:15,Traffic Signals
2025-05-16 18:44:15,Traffic Signals
2025-05-16 18:44:15,Traffic Signals
2025-05-16 18:44:15,Traffic Signals
2025-05-16 18:44:15,Traffic Signals
2025-05-16 18:44:15,Traffic Signals
2025-05-16 18:44:15,Traffic Signals
2025-05-16 18:44:18,Traffic Signals
2025-05-16 18:44:18,Traffic Signals
2025-05-16 18:44:18,Traffic Signals
2025-05-16 18:44:18,Traffic Signals
2025-05-16 18:44:18,Traffic Signals
2025-05-16 18:44:18,Traffic Signals
2025-05-16 18:44:19,Slippery Road
2025-05-16 18:44:19,Slippery Road
2025-05-16 18:44:19,Traffic Signals
2025-05-16 18:44:19,Traffic Signals
2025-05-16 18:44:19,Traffic Signals
2025-05-16 18:44:35,Priority Road
2025-05-16 18:44:40,Priority Road
2025-05-16 18:44:40,Priority Road
2025-05-16 18:45:03,Priority at Next Intersection
2025-05-16 18:45:03,Priority at Next Intersection
2025-05-16 18:45:03,Stop
2025-05-16 18:45:04,End Speed Limit 80
2025-05-16 18:45:04,Stop
2025-05-16 18:45:04,Stop
2025-05-16 18:45:04,Stop
2025-05-16 18:45:06,Speed Limit 30
2025-05-16 18:45:17,Speed Limit 100
2025-05-16 18:45:18,Speed Limit 100
2025-05-16 18:45:18,No Overtaking
2025-05-16 18:45:18,No Overtaking
2025-05-16 18:45:18,No Overtaking
2025-05-16 18:45:18,No Overtaking
2025-05-16 18:45:18,No Overtaking
2025-05-16 18:45:18,No Overtaking
2025-05-16 18:45:18,No Overtaking
2025-05-16 18:45:18,No Overtaking
2025-05-16 18:45:18,End No Overtake Trucks
2025-05-16 18:45:18,No Overtaking
2025-05-16 18:45:18,No Overtaking
2025-05-16 18:45:18,No Overtaking
2025-05-16 18:45:19,Speed Limit 100
2025-05-16 18:45:19,End No Overtake Trucks
2025-05-16 18:45:19,End No Overtake Trucks
2025-05-16 18:45:19,No Overtaking
2025-05-16 18:45:19,No Overtaking
2025-05-16 18:45:20,No Overtaking
2025-05-16 18:45:20,No Overtaking
2025-05-16 18:45:20,No Overtaking
2025-05-16 18:45:20,No Overtaking
2025-05-16 18:45:25,Children
2025-05-16 18:45:25,Children
2025-05-16 18:45:25,End Speed Limit 80
2025-05-16 18:45:25,End Speed Limit 80
2025-05-16 18:45:32,Bicycles
2025-05-16 18:45:38,Children
2025-05-16 18:45:39,Priority Road
2025-05-16 18:45:39,Priority Road
2025-05-16 18:45:42,Priority Road
2025-05-16 18:45:42,End No Overtake Trucks
2025-05-16 18:47:33,Priority at Next Intersection
2025-05-16 18:47:33,Roundabout
2025-05-16 18:47:33,Roundabout
2025-05-16 18:47:33,Roundabout
2025-05-16 18:47:33,Roundabout
2025-05-16 18:47:34,Roundabout
2025-05-16 18:47:34,Roundabout
2025-05-16 18:47:34,Roundabout
2025-05-16 18:47:34,Roundabout
2025-05-16 18:47:34,Roundabout
2025-05-16 18:47:34,Roundabout
2025-05-16 18:47:34,Roundabout
2025-05-16 18:47:34,Roundabout
2025-05-16 18:47:34,Roundabout
2025-05-16 18:47:34,Roundabout
2025-05-16 18:47:34,Roundabout
2025-05-16 18:47:34,Roundabout
2025-05-16 18:47:34,Roundabout
2025-05-16 18:47:35,Speed Limit 70
2025-05-16 18:47:35,Speed Limit 70
2025-05-16 18:47:35,Speed Limit 70
2025-05-16 18:47:35,Speed Limit 70
2025-05-16 18:47:35,Speed Limit 70
2025-05-16 18:47:35,Speed Limit 30
2025-05-16 18:47:43,Speed Limit 70
2025-05-16 18:48:59,Traffic Signals
2025-05-16 18:49:31,Speed Limit 60
2025-05-16 18:50:20,No Entry
2025-05-16 18:50:21,Slippery Road
2025-05-16 18:50:21,Yield
2025-05-16 18:51:27,Keep Left
2025-05-16 18:52:11,No Entry
2025-05-16 18:52:11,No Entry
2025-05-16 18:52:11,No Entry
2025-05-16 18:52:11,Yield
2025-05-16 18:52:11,Yield
2025-05-16 18:52:12,Yield
2025-05-16 18:52:12,Yield
2025-05-16 18:52:12,Yield
2025-05-16 18:52:12,Yield
2025-05-16 18:52:12,Yield
2025-05-16 18:52:12,Yield
2025-05-16 18:52:12,Yield
2025-05-16 18:52:12,Yield
2025-05-16 18:52:12,Yield
2025-05-16 18:52:12,Yield
2025-05-16 18:52:12,Yield
2025-05-16 18:52:12,Yield
2025-05-16 18:52:12,Speed Limit 30
2025-05-16 18:52:12,Speed Limit 30
2025-05-16 18:52:12,Yield
2025-05-16 18:52:12,Speed Limit 30
2025-05-16 18:52:13,Speed Limit 30
2025-05-16 18:52:13,Speed Limit 30
2025-05-16 18:52:13,Speed Limit 30
2025-05-16 18:52:13,Speed Limit 30
2025-05-16 18:52:13,Yield
2025-05-16 18:52:13,Yield
2025-05-16 18:52:13,Speed Limit 30
2025-05-16 18:52:13,Yield
2025-05-16 18:52:13,Yield
2025-05-16 18:52:13,Yield
2025-05-16 18:52:13,Yield
2025-05-16 18:52:13,Yield
2025-05-16 18:52:14,Yield
2025-05-16 18:52:14,Speed Limit 30
2025-05-16 18:52:14,Yield
2025-05-16 18:52:14,Yield
2025-05-16 18:52:14,Yield
2025-05-16 18:52:15,Yield
2025-05-16 18:52:15,Yield
2025-05-16 18:52:15,Yield
2025-05-16 18:52:15,Yield
2025-05-16 18:52:15,Yield
2025-05-16 18:52:15,Yield
2025-05-16 18:52:15,Yield
2025-05-16 18:52:15,Yield
2025-05-16 18:52:16,Yield
2025-05-16 18:52:16,Yield
2025-05-16 18:52:16,Yield
2025-05-16 18:52:16,Yield
2025-05-16 18:52:16,Yield
2025-05-16 18:52:16,Yield
2025-05-16 18:52:16,Yield
2025-05-16 18:52:16,Yield
2025-05-16 18:52:16,Yield
2025-05-16 18:52:16,Speed Limit 30
2025-05-16 18:52:16,Speed Limit 30
2025-05-16 18:52:16,Speed Limit 30
2025-05-16 18:52:16,Speed Limit 30
2025-05-16 18:52:16,Yield
2025-05-16 18:52:16,Speed Limit 30
2025-05-16 18:52:17,Yield
2025-05-16 18:52:17,Yield
2025-05-16 18:52:17,Yield
2025-05-16 18:52:17,Speed Limit 30
2025-05-16 18:52:17,Yield
2025-05-16 18:52:17,Yield
2025-05-16 18:52:17,Yield
2025-05-16 18:52:17,Yield
2025-05-16 18:52:17,Yield
2025-05-16 18:52:17,Speed Limit 30
2025-05-16 18:52:17,Speed Limit 30
2025-05-16 18:52:17,Speed Limit 30
2025-05-16 18:52:17,Speed Limit 30
2025-05-16 18:52:18,Yield
2025-05-16 18:52:18,Yield
2025-05-16 18:52:18,Speed Limit 30
2025-05-16 18:52:18,Yield
2025-05-16 18:52:18,Yield
2025-05-16 18:52:18,Speed Limit 30
2025-05-16 18:52:18,Speed Limit 30
2025-05-16 18:52:18,Speed Limit 30
2025-05-16 18:52:18,Yield
2025-05-16 18:52:18,Yield
2025-05-16 18:52:19,Speed Limit 30
2025-05-16 18:52:19,Yield
2025-05-16 18:52:19,Yield
2025-05-16 18:52:19,Yield
2025-05-16 18:52:19,Yield
2025-05-16 18:52:19,Yield
2025-05-16 18:52:19,Yield
2025-05-16 18:52:19,Speed Limit 30
2025-05-16 18:52:19,Yield
2025-05-16 18:52:19,Yield
2025-05-16 18:52:19,Speed Limit 30
2025-05-16 18:52:19,Speed Limit 30
2025-05-16 18:52:19,Speed Limit 30
2025-05-16 18:52:19,Speed Limit 30
2025-05-16 18:52:19,Yield
2025-05-16 18:52:20,Yield
2025-05-16 18:52:20,Speed Limit 30
2025-05-16 18:52:20,Yield
2025-05-16 18:52:20,Yield
2025-05-16 18:52:20,Yield
2025-05-16 18:52:20,Speed Limit 30
2025-05-16 18:52:20,Yield
2025-05-16 18:52:20,Yield
2025-05-16 18:52:20,Yield
2025-05-16 18:52:20,Yield
2025-05-16 18:52:20,Yield
2025-05-16 18:52:20,Yield
2025-05-16 18:52:20,Yield
2025-05-16 18:52:21,Yield
2025-05-16 18:52:21,Yield
2025-05-16 18:52:21,Yield
2025-05-16 18:52:21,Yield
2025-05-16 18:52:21,Yield
2025-05-16 18:52:21,Yield
2025-05-16 18:52:21,Yield
2025-05-16 18:52:21,Yield
2025-05-16 18:52:21,Yield
2025-05-16 18:52:21,Yield
2025-05-16 18:52:21,Yield
2025-05-16 18:52:21,Yield
2025-05-16 18:52:21,Yield
2025-05-16 18:52:21,Yield
2025-05-16 18:52:21,Yield
2025-05-16 18:52:22,Yield
2025-05-16 18:52:22,Yield
2025-05-16 18:52:22,Yield
2025-05-16 18:52:22,Yield
2025-05-16 18:52:22,Yield
2025-05-16 18:52:22,Yield
2025-05-16 18:52:22,Yield
2025-05-16 18:52:22,Yield
2025-05-16 18:52:22,Yield
2025-05-16 18:52:22,Yield
2025-05-16 18:52:22,Speed Limit 30
2025-05-16 18:52:22,Speed Limit 30
2025-05-16 18:52:22,Yield
2025-05-16 18:52:22,Yield
2025-05-16 18:52:22,Yield
2025-05-16 18:52:22,Yield
2025-05-16 18:52:22,Yield
2025-05-16 18:52:22,Yield
2025-05-16 18:52:22,Yield
2025-05-16 18:52:22,Yield
2025-05-16 18:52:23,Yield
2025-05-16 18:52:23,Yield
2025-05-16 18:52:23,Speed Limit 30
2025-05-16 18:52:23,Speed Limit 30
2025-05-16 18:52:23,Yield
2025-05-16 18:52:23,Yield
2025-05-16 18:52:23,Yield
2025-05-16 18:52:23,Yield
2025-05-16 18:52:23,Speed Limit 30
2025-05-16 18:52:23,Yield
2025-05-16 18:52:23,Yield
2025-05-16 18:52:23,Yield
2025-05-16 18:52:23,Yield
2025-05-16 18:52:23,Yield
2025-05-16 18:52:23,Yield
2025-05-16 18:52:23,Yield
2025-05-16 18:52:23,Yield
2025-05-16 18:52:23,Yield
2025-05-16 18:52:23,Yield
2025-05-16 18:52:23,Yield
2025-05-16 18:52:23,Yield
2025-05-16 18:52:24,Yield
2025-05-16 18:52:24,Yield
2025-05-16 18:52:24,Yield
2025-05-16 18:52:24,Yield
2025-05-16 18:52:24,Yield
2025-05-16 18:52:24,Yield
2025-05-16 18:52:24,Yield
2025-05-16 18:52:24,Yield
2025-05-16 18:52:24,Yield
2025-05-16 18:52:24,Yield
2025-05-16 18:52:24,Yield
2025-05-16 18:52:24,Yield
2025-05-16 18:52:24,Yield
2025-05-16 18:52:24,Speed Limit 30
2025-05-16 18:52:24,Speed Limit 30
2025-05-16 18:52:24,Speed Limit 30
2025-05-16 18:52:24,Speed Limit 30
2025-05-16 18:52:24,Speed Limit 30
2025-05-16 18:52:24,Yield
2025-05-16 18:52:24,Yield
2025-05-16 18:52:24,Yield
2025-05-16 18:52:24,Yield
2025-05-16 18:52:24,Yield
2025-05-16 18:52:24,Yield
2025-05-16 18:52:25,Yield
2025-05-16 18:52:25,Yield
2025-05-16 18:52:25,Yield
2025-05-16 18:52:25,Yield
2025-05-16 18:52:25,Yield
2025-05-16 18:52:25,Yield
2025-05-16 18:52:25,Yield
2025-05-16 18:52:25,Yield
2025-05-16 18:52:25,Speed Limit 30
2025-05-16 18:52:25,Yield
2025-05-16 18:52:25,Yield
2025-05-16 18:52:25,Yield
2025-05-16 18:52:25,Yield
2025-05-16 18:52:25,Yield
2025-05-16 18:52:25,Speed Limit 30
2025-05-16 18:52:25,Yield
2025-05-16 18:52:25,Yield
2025-05-16 18:52:25,Yield
2025-05-16 18:52:25,Yield
2025-05-16 18:52:25,Yield
2025-05-16 18:52:25,Speed Limit 30
2025-05-16 18:52:25,Yield
2025-05-16 18:52:25,Yield
2025-05-16 18:52:26,Yield
2025-05-16 18:52:26,Yield
2025-05-16 18:52:26,Yield
2025-05-16 18:52:26,Yield
2025-05-16 18:52:26,Yield
2025-05-16 18:52:26,Yield
2025-05-16 18:52:26,Yield
2025-05-16 18:52:26,Yield
2025-05-16 18:52:26,Yield
2025-05-16 18:52:26,Yield
2025-05-16 18:52:26,Yield
2025-05-16 18:52:26,Yield
2025-05-16 18:52:26,Yield
2025-05-16 18:52:26,Yield
2025-05-16 18:52:26,Yield
2025-05-16 18:52:26,Speed Limit 30
2025-05-16 18:52:26,Yield
2025-05-16 18:52:26,Yield
2025-05-16 18:52:26,Speed Limit 30
2025-05-16 18:52:26,Speed Limit 30
2025-05-16 18:52:26,Speed Limit 30
2025-05-16 18:52:26,Speed Limit 30
2025-05-16 18:52:27,Speed Limit 30
2025-05-16 18:52:27,Speed Limit 30
2025-05-16 18:52:27,Speed Limit 30
2025-05-16 18:52:27,Speed Limit 30
2025-05-16 18:52:27,Speed Limit 30
2025-05-16 18:52:27,Speed Limit 30
2025-05-16 18:52:27,Speed Limit 30
2025-05-16 18:52:27,Speed Limit 30
2025-05-16 18:52:27,Speed Limit 30
2025-05-16 18:52:27,Speed Limit 30
2025-05-16 18:52:27,Speed Limit 30
2025-05-16 18:52:28,Speed Limit 30
2025-05-16 18:52:28,Yield
2025-05-16 18:52:28,Yield
2025-05-16 18:52:28,Speed Limit 30
2025-05-16 18:52:29,Curve Right
2025-05-16 18:52:29,Curve Right
2025-05-16 18:52:29,Curve Right
2025-05-16 18:52:29,Curve Right
2025-05-16 18:52:30,No Overtaking
2025-05-16 18:55:35,General Danger
2025-05-16 18:55:35,General Danger
2025-05-16 18:55:35,General Danger
2025-05-16 18:55:35,General Danger
2025-05-16 18:55:35,General Danger
2025-05-16 18:55:35,General Danger
2025-05-16 18:55:36,Speed Limit 30
2025-05-16 18:55:36,General Danger
2025-05-16 18:55:36,General Danger
2025-05-16 18:55:36,General Danger
2025-05-16 18:55:36,General Danger
2025-05-16 18:55:37,General Danger
2025-05-16 18:55:37,General Danger
2025-05-16 18:55:37,General Danger
2025-05-16 18:55:37,General Danger
2025-05-16 18:55:37,General Danger
2025-05-16 18:55:37,General Danger
2025-05-16 18:55:37,General Danger
2025-05-16 18:55:37,General Danger
2025-05-16 18:55:37,General Danger
2025-05-16 18:55:37,General Danger
2025-05-16 18:55:38,General Danger
2025-05-16 18:55:38,General Danger
2025-05-16 18:55:38,General Danger
2025-05-16 18:55:38,General Danger
2025-05-16 18:55:38,General Danger
2025-05-16 18:55:38,General Danger
2025-05-16 18:55:38,General Danger
2025-05-16 18:55:38,General Danger
2025-05-16 18:55:38,General Danger
2025-05-16 18:55:38,General Danger
2025-05-16 18:55:38,General Danger
2025-05-16 18:55:38,General Danger
2025-05-16 18:55:38,General Danger
2025-05-16 18:55:38,General Danger
2025-05-16 18:55:39,General Danger
2025-05-16 18:55:39,General Danger
2025-05-16 18:55:39,General Danger
2025-05-16 18:55:39,General Danger
2025-05-16 18:55:39,General Danger
2025-05-16 18:55:39,General Danger
2025-05-16 18:55:39,General Danger
2025-05-16 18:55:39,General Danger
2025-05-16 18:55:39,General Danger
2025-05-16 18:55:39,General Danger
2025-05-16 18:55:39,General Danger
2025-05-16 18:55:39,General Danger
2025-05-16 18:55:39,General Danger
2025-05-16 18:55:40,General Danger
2025-05-16 18:55:40,General Danger
2025-05-16 18:55:40,General Danger
2025-05-16 18:55:40,General Danger
2025-05-16 18:55:40,General Danger
2025-05-16 18:55:40,General Danger
2025-05-16 18:55:40,General Danger
2025-05-16 18:55:40,General Danger
2025-05-16 18:55:40,General Danger
2025-05-16 18:55:40,General Danger
2025-05-16 18:55:40,General Danger
2025-05-16 18:55:41,General Danger
2025-05-16 18:55:41,General Danger
2025-05-16 18:55:41,General Danger
2025-05-16 18:55:42,General Danger
2025-05-16 18:55:42,General Danger
2025-05-16 18:55:42,General Danger
2025-05-16 18:55:42,General Danger
2025-05-16 18:55:42,General Danger
2025-05-16 18:55:42,General Danger
2025-05-16 18:55:42,General Danger
2025-05-16 18:55:42,General Danger
2025-05-16 18:55:42,General Danger
2025-05-16 18:55:43,General Danger
2025-05-16 18:55:43,General Danger
2025-05-16 18:55:43,General Danger
2025-05-16 18:55:43,General Danger
2025-05-16 18:55:43,General Danger
2025-05-16 18:55:43,General Danger
2025-05-16 18:55:43,General Danger
2025-05-16 18:55:43,General Danger
2025-05-16 18:55:44,General Danger
2025-05-16 18:55:44,General Danger
2025-05-16 18:55:44,General Danger
2025-05-16 18:55:44,General Danger
2025-05-16 18:55:44,General Danger
2025-05-16 18:55:45,General Danger
2025-05-16 18:55:45,General Danger
2025-05-16 18:55:45,General Danger
2025-05-16 18:55:45,General Danger
2025-05-16 18:55:45,General Danger
2025-05-16 18:55:45,General Danger
2025-05-16 18:55:45,General Danger
2025-05-16 18:55:45,General Danger
2025-05-16 18:55:45,General Danger
2025-05-16 18:55:46,General Danger
2025-05-16 18:55:46,General Danger
2025-05-16 18:55:46,General Danger
2025-05-16 18:55:46,General Danger
2025-05-16 18:55:46,General Danger
2025-05-16 18:55:46,General Danger
2025-05-16 18:55:46,General Danger
2025-05-16 18:55:46,General Danger
2025-05-16 18:55:46,General Danger
2025-05-16 18:55:46,General Danger
2025-05-16 18:55:46,General Danger
2025-05-16 18:55:46,General Danger
2025-05-16 18:55:47,General Danger
2025-05-16 18:55:47,General Danger
2025-05-16 18:55:47,General Danger
2025-05-16 18:55:47,General Danger
2025-05-16 18:55:47,General Danger
2025-05-16 18:55:47,General Danger
2025-05-16 18:55:47,General Danger
2025-05-16 18:55:48,General Danger
2025-05-16 18:55:48,General Danger
2025-05-16 18:55:48,General Danger
2025-05-16 18:55:48,General Danger
2025-05-16 18:55:48,General Danger
2025-05-16 18:55:49,General Danger
2025-05-16 18:55:49,General Danger
2025-05-16 18:55:49,General Danger
2025-05-16 18:55:50,General Danger
2025-05-16 18:55:50,General Danger
2025-05-16 18:55:50,General Danger
2025-05-16 18:55:50,General Danger
2025-05-16 18:55:50,General Danger
2025-05-16 18:55:55,End No Overtake Trucks
2025-05-16 18:55:55,Roundabout
2025-05-16 18:55:55,Keep Left
2025-05-16 18:55:55,End Restriction
2025-05-16 18:55:55,Double Curve
2025-05-16 18:55:55,Road Work
2025-05-21 14:07:52,No Trucks
2025-05-21 14:07:52,No Trucks
2025-05-21 14:07:53,No Trucks
2025-05-21 14:07:53,No Trucks
2025-05-21 14:07:53,No Trucks
2025-05-21 14:07:53,No Trucks
2025-05-21 14:07:53,No Overtaking
2025-05-21 14:07:53,No Trucks
2025-05-21 14:07:53,No Trucks
2025-05-21 14:07:53,No Trucks
2025-05-21 14:07:53,No Trucks
